fetch_time,reported_time,機組類型,機組名稱,裝置容量(MW),淨發電量(MW),淨發電量/裝置容量比(%),備註
2026-09-26T16:30:38,2026-09-27T00:20:00,風力,觀園,30.0,0.0,0.000%, 
2026-09-26T16:30:38,2026-09-27T00:20:00,風力,台中港,35.0,0.4,1.286%, 
2026-09-26T16:30:38,2026-09-27T00:20:00,風力,王功,23.0,0.3,1.304%, 
2026-09-26T16:30:38,2026-09-27T00:20:00,風力,彰工,86.2,0.4,0.464%,部分檢修
2026-09-26T16:30:38,2026-09-27T00:20:00,風力,雲麥,46.0,0.5,1.087%, 
2026-09-26T16:30:38,2026-09-27T00:20:00,風力,四湖,28.0,0.0,0.000%, 
2026-09-26T16:30:38,2026-09-27T00:20:00,風力,其它台電自有,84.7,14.8,17.465%, 
2026-09-26T16:30:38,2026-09-27T00:20:00,風力,苗栗大鵬,42.0,2.5,5.952%, 
2026-09-26T16:30:38,2026-09-27T00:20:00,風力,鹿威彰濱,55.2,0.6,1.014%, 
2026-09-26T16:30:38,2026-09-27T00:20:00,風力,觀威觀音&桃威新屋,48.3,0.6,1.242%, 
2026-09-26T16:30:38,2026-09-27T00:20:00,風力,中威大安,75.9,4.8,6.324%, 
2026-09-26T16:30:38,2026-09-27T00:20:00,風力,創維風,49.2,0.0,0.000%, 
2026-09-26T16:30:38,2026-09-27T00:20:00,風力,新源崙背,25.2,1.9,7.540%, 
2026-09-26T16:30:38,2026-09-27T00:20:00,風力,彰品風(註10),-,0.0,-, 
2026-09-26T16:30:38,2026-09-27T00:20:00,風力,其它購電風力,178.4,4.2,2.354%, 
2026-09-26T16:30:38,2026-09-27T00:20:00,風力,離岸一期,109.2,0.0,0.000%, 
2026-09-26T16:30:38,2026-09-27T00:20:00,風力,離岸二期(註10),-,0.7,-, 
2026-09-26T16:30:38,2026-09-27T00:20:00,風力,海洋竹南,128.0,7.6,5.937%, 
2026-09-26T16:30:38,2026-09-27T00:20:00,風力,海能風,376.0,22.9,6.090%, 
2026-09-26T16:30:38,2026-09-27T00:20:00,風力,沃一風,605.2,3.1,0.509%, 
2026-09-26T16:30:38,2026-09-27T00:20:00,風力,沃二風,294.8,1.1,0.373%, 
2026-09-26T16:30:38,2026-09-27T00:20:00,風力,沃四風(註10),-,0.0,-, 
2026-09-26T16:30:38,2026-09-27T00:20:00,風力,沃南風,337.1,0.0,0.000%, 
2026-09-26T16:30:38,2026-09-27T00:20:00,風力,芳一風,96.0,1.1,1.167%, 
2026-09-26T16:30:38,2026-09-27T00:20:00,風力,芳二風,499.2,5.6,1.122%, 
2026-09-26T16:30:38,2026-09-27T00:20:00,風力,允湖,320.0,0.0,0.000%, 
2026-09-26T16:30:38,2026-09-27T00:20:00,風力,允西,320.0,0.0,0.000%, 
2026-09-26T16:30:38,2026-09-27T00:20:00,風力,中能風,294.5,3.0,1.019%, 
2026-09-26T16:30:38,2026-09-27T00:20:00,風力,龍A風(註10),-,0.0,-, 
2026-09-26T16:30:38,2026-09-27T00:20:00,風力,龍B風(註10),-,0.0,-, 
2026-09-26T16:30:38,2026-09-27T00:20:00,風力,龍三風(註10),-,0.0,-,通訊異常
2026-09-26T16:30:38,2026-09-27T00:20:00,風力,小計(註5),4187.1(6.852%),76.1(0.268%),,
2026-09-26T17:00:52,2026-09-27T00:50:00,風力,觀園,30.0,0.0,0.000%, 
2026-09-26T17:00:52,2026-09-27T00:50:00,風力,台中港,35.0,1.0,2.957%, 
2026-09-26T17:00:52,2026-09-27T00:50:00,風力,王功,23.0,0.5,2.174%, 
2026-09-26T17:00:52,2026-09-27T00:50:00,風力,彰工,86.2,0.5,0.580%,部分檢修
2026-09-26T17:00:52,2026-09-27T00:50:00,風力,雲麥,46.0,0.0,0.000%, 
2026-09-26T17:00:52,2026-09-27T00:50:00,風力,四湖,28.0,0.0,0.000%, 
2026-09-26T17:00:52,2026-09-27T00:50:00,風力,其它台電自有,84.7,14.7,17.347%, 
2026-09-26T17:00:52,2026-09-27T00:50:00,風力,苗栗大鵬,42.0,1.4,3.333%, 
2026-09-26T17:00:52,2026-09-27T00:50:00,風力,鹿威彰濱,55.2,0.8,1.522%, 
2026-09-26T17:00:52,2026-09-27T00:50:00,風力,觀威觀音&桃威新屋,48.3,0.0,0.000%, 
2026-09-26T17:00:52,2026-09-27T00:50:00,風力,中威大安,75.9,4.9,6.456%, 
2026-09-26T17:00:52,2026-09-27T00:50:00,風力,創維風,49.2,0.0,0.000%, 
2026-09-26T17:00:52,2026-09-27T00:50:00,風力,新源崙背,25.2,1.4,5.556%, 
2026-09-26T17:00:52,2026-09-27T00:50:00,風力,彰品風(註10),-,0.0,-, 
2026-09-26T17:00:52,2026-09-27T00:50:00,風力,其它購電風力,178.4,2.9,1.626%, 
2026-09-26T17:00:52,2026-09-27T00:50:00,風力,離岸一期,109.2,0.0,0.000%, 
2026-09-26T17:00:52,2026-09-27T00:50:00,風力,離岸二期(註10),-,0.7,-, 
2026-09-26T17:00:52,2026-09-27T00:50:00,風力,海洋竹南,128.0,4.0,3.125%, 
2026-09-26T17:00:52,2026-09-27T00:50:00,風力,海能風,376.0,19.1,5.080%, 
2026-09-26T17:00:52,2026-09-27T00:50:00,風力,沃一風,605.2,0.0,0.000%, 
2026-09-26T17:00:52,2026-09-27T00:50:00,風力,沃二風,294.8,1.1,0.380%, 
2026-09-26T17:00:52,2026-09-27T00:50:00,風力,沃四風(註10),-,0.0,-, 
2026-09-26T17:00:52,2026-09-27T00:50:00,風力,沃南風,337.1,0.0,0.000%, 
2026-09-26T17:00:52,2026-09-27T00:50:00,風力,芳一風,96.0,1.1,1.167%, 
2026-09-26T17:00:52,2026-09-27T00:50:00,風力,芳二風,499.2,6.4,1.282%, 
2026-09-26T17:00:52,2026-09-27T00:50:00,風力,允湖,320.0,0.0,0.000%, 
2026-09-26T17:00:52,2026-09-27T00:50:00,風力,允西,320.0,0.0,0.000%, 
2026-09-26T17:00:52,2026-09-27T00:50:00,風力,中能風,294.5,3.6,1.222%, 
2026-09-26T17:00:52,2026-09-27T00:50:00,風力,龍A風(註10),-,0.0,-, 
2026-09-26T17:00:52,2026-09-27T00:50:00,風力,龍B風(註10),-,0.0,-, 
2026-09-26T17:00:52,2026-09-27T00:50:00,風力,龍三風(註10),-,0.0,-,通訊異常
2026-09-26T17:00:52,2026-09-27T00:50:00,風力,小計(註5),4187.1(6.852%),64.2(0.230%),,
2026-09-26T17:30:41,2026-09-27T01:20:00,風力,觀園,30.0,0.0,0.000%, 
2026-09-26T17:30:41,2026-09-27T01:20:00,風力,台中港,35.0,1.0,2.957%, 
2026-09-26T17:30:41,2026-09-27T01:20:00,風力,王功,23.0,0.2,0.870%, 
2026-09-26T17:30:41,2026-09-27T01:20:00,風力,彰工,86.2,0.4,0.464%,部分檢修
2026-09-26T17:30:41,2026-09-27T01:20:00,風力,雲麥,46.0,0.0,0.000%, 
2026-09-26T17:30:41,2026-09-27T01:20:00,風力,四湖,28.0,0.1,0.357%, 
2026-09-26T17:30:41,2026-09-27T01:20:00,風力,其它台電自有,84.7,14.0,16.521%, 
2026-09-26T17:30:41,2026-09-27T01:20:00,風力,苗栗大鵬,42.0,0.9,2.143%, 
2026-09-26T17:30:41,2026-09-27T01:20:00,風力,鹿威彰濱,55.2,0.8,1.522%, 
2026-09-26T17:30:41,2026-09-27T01:20:00,風力,觀威觀音&桃威新屋,48.3,0.0,0.000%, 
2026-09-26T17:30:41,2026-09-27T01:20:00,風力,中威大安,75.9,4.1,5.402%, 
2026-09-26T17:30:41,2026-09-27T01:20:00,風力,創維風,49.2,0.0,0.000%, 
2026-09-26T17:30:41,2026-09-27T01:20:00,風力,新源崙背,25.2,0.7,2.778%, 
2026-09-26T17:30:41,2026-09-27T01:20:00,風力,彰品風(註10),-,0.0,-, 
2026-09-26T17:30:41,2026-09-27T01:20:00,風力,其它購電風力,178.4,2.2,1.233%, 
2026-09-26T17:30:41,2026-09-27T01:20:00,風力,離岸一期,109.2,0.0,0.000%, 
2026-09-26T17:30:41,2026-09-27T01:20:00,風力,離岸二期(註10),-,0.7,-, 
2026-09-26T17:30:41,2026-09-27T01:20:00,風力,海洋竹南,128.0,2.5,1.953%, 
2026-09-26T17:30:41,2026-09-27T01:20:00,風力,海能風,376.0,11.5,3.059%, 
2026-09-26T17:30:41,2026-09-27T01:20:00,風力,沃一風,605.2,0.8,0.132%, 
2026-09-26T17:30:41,2026-09-27T01:20:00,風力,沃二風,294.8,1.1,0.380%, 
2026-09-26T17:30:41,2026-09-27T01:20:00,風力,沃四風(註10),-,0.0,-, 
2026-09-26T17:30:41,2026-09-27T01:20:00,風力,沃南風,337.1,0.0,0.000%, 
2026-09-26T17:30:41,2026-09-27T01:20:00,風力,芳一風,96.0,0.0,0.000%, 
2026-09-26T17:30:41,2026-09-27T01:20:00,風力,芳二風,499.2,6.4,1.282%, 
2026-09-26T17:30:41,2026-09-27T01:20:00,風力,允湖,320.0,0.6,0.188%, 
2026-09-26T17:30:41,2026-09-27T01:20:00,風力,允西,320.0,1.1,0.344%, 
2026-09-26T17:30:41,2026-09-27T01:20:00,風力,中能風,294.5,2.1,0.713%, 
2026-09-26T17:30:41,2026-09-27T01:20:00,風力,龍A風(註10),-,0.0,-, 
2026-09-26T17:30:41,2026-09-27T01:20:00,風力,龍B風(註10),-,0.0,-, 
2026-09-26T17:30:41,2026-09-27T01:20:00,風力,龍三風(註10),-,0.0,-,通訊異常
2026-09-26T17:30:41,2026-09-27T01:20:00,風力,小計(註5),4187.1(6.852%),51.3(0.188%),,
2026-09-26T18:00:47,2026-09-27T01:50:00,風力,觀園,30.0,0.0,0.000%, 
2026-09-26T18:00:47,2026-09-27T01:50:00,風力,台中港,35.0,0.5,1.429%, 
2026-09-26T18:00:47,2026-09-27T01:50:00,風力,王功,23.0,0.2,0.870%, 
2026-09-26T18:00:47,2026-09-27T01:50:00,風力,彰工,86.2,0.8,0.928%,部分檢修
2026-09-26T18:00:47,2026-09-27T01:50:00,風力,雲麥,46.0,0.2,0.435%, 
2026-09-26T18:00:47,2026-09-27T01:50:00,風力,四湖,28.0,0.3,1.071%, 
2026-09-26T18:00:47,2026-09-27T01:50:00,風力,其它台電自有,84.7,14.1,16.639%, 
2026-09-26T18:00:47,2026-09-27T01:50:00,風力,苗栗大鵬,42.0,1.3,3.095%, 
2026-09-26T18:00:47,2026-09-27T01:50:00,風力,鹿威彰濱,55.2,1.4,2.536%, 
2026-09-26T18:00:47,2026-09-27T01:50:00,風力,觀威觀音&桃威新屋,48.3,0.0,0.000%, 
2026-09-26T18:00:47,2026-09-27T01:50:00,風力,中威大安,75.9,4.3,5.665%, 
2026-09-26T18:00:47,2026-09-27T01:50:00,風力,創維風,49.2,0.0,0.000%, 
2026-09-26T18:00:47,2026-09-27T01:50:00,風力,新源崙背,25.2,0.7,2.778%, 
2026-09-26T18:00:47,2026-09-27T01:50:00,風力,彰品風(註10),-,0.0,-, 
2026-09-26T18:00:47,2026-09-27T01:50:00,風力,其它購電風力,178.4,3.1,1.738%, 
2026-09-26T18:00:47,2026-09-27T01:50:00,風力,離岸一期,109.2,0.0,0.000%, 
2026-09-26T18:00:47,2026-09-27T01:50:00,風力,離岸二期(註10),-,0.9,-, 
2026-09-26T18:00:47,2026-09-27T01:50:00,風力,海洋竹南,128.0,2.1,1.641%, 
2026-09-26T18:00:47,2026-09-27T01:50:00,風力,海能風,376.0,14.1,3.750%, 
2026-09-26T18:00:47,2026-09-27T01:50:00,風力,沃一風,605.2,3.6,0.601%, 
2026-09-26T18:00:47,2026-09-27T01:50:00,風力,沃二風,294.8,3.9,1.330%, 
2026-09-26T18:00:47,2026-09-27T01:50:00,風力,沃四風(註10),-,0.0,-, 
2026-09-26T18:00:47,2026-09-27T01:50:00,風力,沃南風,337.1,0.0,0.000%, 
2026-09-26T18:00:47,2026-09-27T01:50:00,風力,芳一風,96.0,1.1,1.167%, 
2026-09-26T18:00:47,2026-09-27T01:50:00,風力,芳二風,499.2,3.6,0.721%, 
2026-09-26T18:00:47,2026-09-27T01:50:00,風力,允湖,320.0,0.6,0.188%, 
2026-09-26T18:00:47,2026-09-27T01:50:00,風力,允西,320.0,1.7,0.531%, 
2026-09-26T18:00:47,2026-09-27T01:50:00,風力,中能風,294.5,3.5,1.188%, 
2026-09-26T18:00:47,2026-09-27T01:50:00,風力,龍A風(註10),-,0.0,-, 
2026-09-26T18:00:47,2026-09-27T01:50:00,風力,龍B風(註10),-,0.0,-, 
2026-09-26T18:00:47,2026-09-27T01:50:00,風力,龍三風(註10),-,0.0,-,通訊異常
2026-09-26T18:00:47,2026-09-27T01:50:00,風力,小計(註5),4187.1(6.852%),62.1(0.231%),,
2026-09-26T18:30:39,2026-09-27T02:20:00,風力,觀園,30.0,0.0,0.000%, 
2026-09-26T18:30:39,2026-09-27T02:20:00,風力,台中港,35.0,0.5,1.414%, 
2026-09-26T18:30:39,2026-09-27T02:20:00,風力,王功,23.0,0.2,0.870%, 
2026-09-26T18:30:39,2026-09-27T02:20:00,風力,彰工,86.2,1.1,1.276%,部分檢修
2026-09-26T18:30:39,2026-09-27T02:20:00,風力,雲麥,46.0,0.1,0.217%, 
2026-09-26T18:30:39,2026-09-27T02:20:00,風力,四湖,28.0,0.2,0.714%, 
2026-09-26T18:30:39,2026-09-27T02:20:00,風力,其它台電自有,84.7,13.5,15.931%, 
2026-09-26T18:30:39,2026-09-27T02:20:00,風力,苗栗大鵬,42.0,2.0,4.762%, 
2026-09-26T18:30:39,2026-09-27T02:20:00,風力,鹿威彰濱,55.2,1.7,3.080%, 
2026-09-26T18:30:39,2026-09-27T02:20:00,風力,觀威觀音&桃威新屋,48.3,0.0,0.000%, 
2026-09-26T18:30:39,2026-09-27T02:20:00,風力,中威大安,75.9,2.2,2.899%, 
2026-09-26T18:30:39,2026-09-27T02:20:00,風力,創維風,49.2,0.0,0.000%, 
2026-09-26T18:30:39,2026-09-27T02:20:00,風力,新源崙背,25.2,0.5,1.984%, 
2026-09-26T18:30:39,2026-09-27T02:20:00,風力,彰品風(註10),-,0.0,-, 
2026-09-26T18:30:39,2026-09-27T02:20:00,風力,其它購電風力,178.4,1.8,1.009%, 
2026-09-26T18:30:39,2026-09-27T02:20:00,風力,離岸一期,109.2,0.0,0.000%, 
2026-09-26T18:30:39,2026-09-27T02:20:00,風力,離岸二期(註10),-,0.5,-, 
2026-09-26T18:30:39,2026-09-27T02:20:00,風力,海洋竹南,128.0,1.3,1.016%, 
2026-09-26T18:30:39,2026-09-27T02:20:00,風力,海能風,376.0,16.4,4.362%, 
2026-09-26T18:30:39,2026-09-27T02:20:00,風力,沃一風,605.2,0.8,0.139%, 
2026-09-26T18:30:39,2026-09-27T02:20:00,風力,沃二風,294.8,3.9,1.323%, 
2026-09-26T18:30:39,2026-09-27T02:20:00,風力,沃四風(註10),-,0.0,-, 
2026-09-26T18:30:39,2026-09-27T02:20:00,風力,沃南風,337.1,0.0,0.000%, 
2026-09-26T18:30:39,2026-09-27T02:20:00,風力,芳一風,96.0,0.0,0.000%, 
2026-09-26T18:30:39,2026-09-27T02:20:00,風力,芳二風,499.2,0.0,0.000%, 
2026-09-26T18:30:39,2026-09-27T02:20:00,風力,允湖,320.0,0.0,0.000%, 
2026-09-26T18:30:39,2026-09-27T02:20:00,風力,允西,320.0,0.0,0.000%, 
2026-09-26T18:30:39,2026-09-27T02:20:00,風力,中能風,294.5,0.4,0.136%, 
2026-09-26T18:30:39,2026-09-27T02:20:00,風力,龍A風(註10),-,0.0,-, 
2026-09-26T18:30:39,2026-09-27T02:20:00,風力,龍B風(註10),-,0.0,-, 
2026-09-26T18:30:39,2026-09-27T02:20:00,風力,龍三風(註10),-,0.0,-,通訊異常
2026-09-26T18:30:39,2026-09-27T02:20:00,風力,小計(註5),4187.1(6.852%),47.1(0.177%),,
2026-09-26T19:00:46,2026-09-27T02:50:00,風力,觀園,30.0,0.0,0.000%, 
2026-09-26T19:00:46,2026-09-27T02:50:00,風力,台中港,35.0,0.5,1.414%, 
2026-09-26T19:00:46,2026-09-27T02:50:00,風力,王功,23.0,0.3,1.304%, 
2026-09-26T19:00:46,2026-09-27T02:50:00,風力,彰工,86.2,0.7,0.812%,部分檢修
2026-09-26T19:00:46,2026-09-27T02:50:00,風力,雲麥,46.0,0.0,0.000%, 
2026-09-26T19:00:46,2026-09-27T02:50:00,風力,四湖,28.0,0.1,0.357%, 
2026-09-26T19:00:46,2026-09-27T02:50:00,風力,其它台電自有,84.7,13.9,16.403%, 
2026-09-26T19:00:46,2026-09-27T02:50:00,風力,苗栗大鵬,42.0,2.0,4.762%, 
2026-09-26T19:00:46,2026-09-27T02:50:00,風力,鹿威彰濱,55.2,0.8,1.449%, 
2026-09-26T19:00:46,2026-09-27T02:50:00,風力,觀威觀音&桃威新屋,48.3,0.9,1.863%, 
2026-09-26T19:00:46,2026-09-27T02:50:00,風力,中威大安,75.9,0.6,0.791%, 
2026-09-26T19:00:46,2026-09-27T02:50:00,風力,創維風,49.2,0.0,0.000%, 
2026-09-26T19:00:46,2026-09-27T02:50:00,風力,新源崙背,25.2,0.0,0.000%, 
2026-09-26T19:00:46,2026-09-27T02:50:00,風力,彰品風(註10),-,0.0,-, 
2026-09-26T19:00:46,2026-09-27T02:50:00,風力,其它購電風力,178.4,1.8,1.009%, 
2026-09-26T19:00:46,2026-09-27T02:50:00,風力,離岸一期,109.2,0.0,0.000%, 
2026-09-26T19:00:46,2026-09-27T02:50:00,風力,離岸二期(註10),-,0.9,-, 
2026-09-26T19:00:46,2026-09-27T02:50:00,風力,海洋竹南,128.0,3.4,2.656%, 
2026-09-26T19:00:46,2026-09-27T02:50:00,風力,海能風,376.0,27.9,7.420%, 
2026-09-26T19:00:46,2026-09-27T02:50:00,風力,沃一風,605.2,6.7,1.107%, 
2026-09-26T19:00:46,2026-09-27T02:50:00,風力,沃二風,294.8,10.1,3.426%, 
2026-09-26T19:00:46,2026-09-27T02:50:00,風力,沃四風(註10),-,0.0,-, 
2026-09-26T19:00:46,2026-09-27T02:50:00,風力,沃南風,337.1,11.2,3.323%, 
2026-09-26T19:00:46,2026-09-27T02:50:00,風力,芳一風,96.0,0.0,0.000%, 
2026-09-26T19:00:46,2026-09-27T02:50:00,風力,芳二風,499.2,0.0,0.000%, 
2026-09-26T19:00:46,2026-09-27T02:50:00,風力,允湖,320.0,0.0,0.000%, 
2026-09-26T19:00:46,2026-09-27T02:50:00,風力,允西,320.0,0.0,0.000%, 
2026-09-26T19:00:46,2026-09-27T02:50:00,風力,中能風,294.5,0.0,0.000%, 
2026-09-26T19:00:46,2026-09-27T02:50:00,風力,龍A風(註10),-,0.0,-, 
2026-09-26T19:00:46,2026-09-27T02:50:00,風力,龍B風(註10),-,0.0,-, 
2026-09-26T19:00:46,2026-09-27T02:50:00,風力,龍三風(註10),-,0.0,-,通訊異常
2026-09-26T19:00:46,2026-09-27T02:50:00,風力,小計(註5),4187.1(6.852%),81.8(0.315%),,
2026-09-26T19:30:38,2026-09-27T03:20:00,風力,觀園,30.0,0.1,0.333%, 
2026-09-26T19:30:38,2026-09-27T03:20:00,風力,台中港,35.0,0.0,0.000%, 
2026-09-26T19:30:38,2026-09-27T03:20:00,風力,王功,23.0,0.1,0.435%, 
2026-09-26T19:30:38,2026-09-27T03:20:00,風力,彰工,86.2,0.0,0.000%,部分檢修
2026-09-26T19:30:38,2026-09-27T03:20:00,風力,雲麥,46.0,0.0,0.000%, 
2026-09-26T19:30:38,2026-09-27T03:20:00,風力,四湖,28.0,0.0,0.000%, 
2026-09-26T19:30:38,2026-09-27T03:20:00,風力,其它台電自有,84.7,13.8,16.285%, 
2026-09-26T19:30:38,2026-09-27T03:20:00,風力,苗栗大鵬,42.0,0.8,1.905%, 
2026-09-26T19:30:38,2026-09-27T03:20:00,風力,鹿威彰濱,55.2,0.6,1.014%, 
2026-09-26T19:30:38,2026-09-27T03:20:00,風力,觀威觀音&桃威新屋,48.3,0.8,1.656%, 
2026-09-26T19:30:38,2026-09-27T03:20:00,風力,中威大安,75.9,0.4,0.527%, 
2026-09-26T19:30:38,2026-09-27T03:20:00,風力,創維風,49.2,0.0,0.000%, 
2026-09-26T19:30:38,2026-09-27T03:20:00,風力,新源崙背,25.2,0.0,0.000%, 
2026-09-26T19:30:38,2026-09-27T03:20:00,風力,彰品風(註10),-,0.0,-, 
2026-09-26T19:30:38,2026-09-27T03:20:00,風力,其它購電風力,178.4,1.1,0.617%, 
2026-09-26T19:30:38,2026-09-27T03:20:00,風力,離岸一期,109.2,0.0,0.000%, 
2026-09-26T19:30:38,2026-09-27T03:20:00,風力,離岸二期(註10),-,0.5,-, 
2026-09-26T19:30:38,2026-09-27T03:20:00,風力,海洋竹南,128.0,3.4,2.656%, 
2026-09-26T19:30:38,2026-09-27T03:20:00,風力,海能風,376.0,24.4,6.489%, 
2026-09-26T19:30:38,2026-09-27T03:20:00,風力,沃一風,605.2,21.8,3.602%, 
2026-09-26T19:30:38,2026-09-27T03:20:00,風力,沃二風,294.8,14.0,4.749%, 
2026-09-26T19:30:38,2026-09-27T03:20:00,風力,沃四風(註10),-,38.1,-, 
2026-09-26T19:30:38,2026-09-27T03:20:00,風力,沃南風,337.1,0.0,0.000%, 
2026-09-26T19:30:38,2026-09-27T03:20:00,風力,芳一風,96.0,0.0,0.000%, 
2026-09-26T19:30:38,2026-09-27T03:20:00,風力,芳二風,499.2,0.0,0.000%, 
2026-09-26T19:30:38,2026-09-27T03:20:00,風力,允湖,320.0,0.0,0.000%, 
2026-09-26T19:30:38,2026-09-27T03:20:00,風力,允西,320.0,1.1,0.344%, 
2026-09-26T19:30:38,2026-09-27T03:20:00,風力,中能風,294.5,2.0,0.679%, 
2026-09-26T19:30:38,2026-09-27T03:20:00,風力,龍A風(註10),-,0.0,-, 
2026-09-26T19:30:38,2026-09-27T03:20:00,風力,龍B風(註10),-,0.0,-, 
2026-09-26T19:30:38,2026-09-27T03:20:00,風力,龍三風(註10),-,0.0,-,通訊異常
2026-09-26T19:30:38,2026-09-27T03:20:00,風力,小計(註5),4187.1(6.852%),123.0(0.474%),,
2026-09-26T20:00:48,2026-09-27T03:50:00,風力,觀園,30.0,0.1,0.180%, 
2026-09-26T20:00:48,2026-09-27T03:50:00,風力,台中港,35.0,0.0,0.000%, 
2026-09-26T20:00:48,2026-09-27T03:50:00,風力,王功,23.0,0.0,0.000%, 
2026-09-26T20:00:48,2026-09-27T03:50:00,風力,彰工,86.2,0.0,0.000%,部分檢修
2026-09-26T20:00:48,2026-09-27T03:50:00,風力,雲麥,46.0,0.0,0.000%, 
2026-09-26T20:00:48,2026-09-27T03:50:00,風力,四湖,28.0,0.0,0.000%, 
2026-09-26T20:00:48,2026-09-27T03:50:00,風力,其它台電自有,84.7,13.1,15.459%, 
2026-09-26T20:00:48,2026-09-27T03:50:00,風力,苗栗大鵬,42.0,0.9,2.143%, 
2026-09-26T20:00:48,2026-09-27T03:50:00,風力,鹿威彰濱,55.2,0.6,1.014%, 
2026-09-26T20:00:48,2026-09-27T03:50:00,風力,觀威觀音&桃威新屋,48.3,0.8,1.699%, 
2026-09-26T20:00:48,2026-09-27T03:50:00,風力,中威大安,75.9,1.1,1.449%, 
2026-09-26T20:00:48,2026-09-27T03:50:00,風力,創維風,49.2,0.0,0.000%, 
2026-09-26T20:00:48,2026-09-27T03:50:00,風力,新源崙背,25.2,0.0,0.000%, 
2026-09-26T20:00:48,2026-09-27T03:50:00,風力,彰品風(註10),-,0.0,-, 
2026-09-26T20:00:48,2026-09-27T03:50:00,風力,其它購電風力,178.4,1.8,1.009%, 
2026-09-26T20:00:48,2026-09-27T03:50:00,風力,離岸一期,109.2,0.0,0.000%, 
2026-09-26T20:00:48,2026-09-27T03:50:00,風力,離岸二期(註10),-,0.7,-, 
2026-09-26T20:00:48,2026-09-27T03:50:00,風力,海洋竹南,128.0,2.7,2.109%, 
2026-09-26T20:00:48,2026-09-27T03:50:00,風力,海能風,376.0,23.1,6.144%, 
2026-09-26T20:00:48,2026-09-27T03:50:00,風力,沃一風,605.2,35.0,5.783%, 
2026-09-26T20:00:48,2026-09-27T03:50:00,風力,沃二風,294.8,15.4,5.224%, 
2026-09-26T20:00:48,2026-09-27T03:50:00,風力,沃四風(註10),-,25.5,-, 
2026-09-26T20:00:48,2026-09-27T03:50:00,風力,沃南風,337.1,16.2,4.806%, 
2026-09-26T20:00:48,2026-09-27T03:50:00,風力,芳一風,96.0,0.0,0.000%, 
2026-09-26T20:00:48,2026-09-27T03:50:00,風力,芳二風,499.2,3.6,0.721%, 
2026-09-26T20:00:48,2026-09-27T03:50:00,風力,允湖,320.0,3.4,1.063%, 
2026-09-26T20:00:48,2026-09-27T03:50:00,風力,允西,320.0,3.4,1.063%, 
2026-09-26T20:00:48,2026-09-27T03:50:00,風力,中能風,294.5,0.5,0.170%, 
2026-09-26T20:00:48,2026-09-27T03:50:00,風力,龍A風(註10),-,14.7,-, 
2026-09-26T20:00:48,2026-09-27T03:50:00,風力,龍B風(註10),-,7.0,-, 
2026-09-26T20:00:48,2026-09-27T03:50:00,風力,龍三風(註10),-,0.0,-,通訊異常
2026-09-26T20:00:48,2026-09-27T03:50:00,風力,小計(註5),4187.1(6.852%),169.5(0.665%),,
2026-09-26T20:30:34,2026-09-27T04:20:00,風力,觀園,30.0,0.4,1.333%, 
2026-09-26T20:30:34,2026-09-27T04:20:00,風力,台中港,35.0,0.0,0.000%, 
2026-09-26T20:30:34,2026-09-27T04:20:00,風力,王功,23.0,0.0,0.000%, 
2026-09-26T20:30:34,2026-09-27T04:20:00,風力,彰工,86.2,0.0,0.000%,部分檢修
2026-09-26T20:30:34,2026-09-27T04:20:00,風力,雲麥,46.0,0.0,0.000%, 
2026-09-26T20:30:34,2026-09-27T04:20:00,風力,四湖,28.0,0.0,0.000%, 
2026-09-26T20:30:34,2026-09-27T04:20:00,風力,其它台電自有,84.7,14.4,16.993%, 
2026-09-26T20:30:34,2026-09-27T04:20:00,風力,苗栗大鵬,42.0,1.6,3.810%, 
2026-09-26T20:30:34,2026-09-27T04:20:00,風力,鹿威彰濱,55.2,0.0,0.000%, 
2026-09-26T20:30:34,2026-09-27T04:20:00,風力,觀威觀音&桃威新屋,48.3,0.9,1.863%, 
2026-09-26T20:30:34,2026-09-27T04:20:00,風力,中威大安,75.9,2.3,3.030%, 
2026-09-26T20:30:34,2026-09-27T04:20:00,風力,創維風,49.2,0.0,0.000%, 
2026-09-26T20:30:34,2026-09-27T04:20:00,風力,新源崙背,25.2,0.0,0.000%, 
2026-09-26T20:30:34,2026-09-27T04:20:00,風力,彰品風(註10),-,0.0,-, 
2026-09-26T20:30:34,2026-09-27T04:20:00,風力,其它購電風力,178.4,3.0,1.682%, 
2026-09-26T20:30:34,2026-09-27T04:20:00,風力,離岸一期,109.2,0.0,0.000%, 
2026-09-26T20:30:34,2026-09-27T04:20:00,風力,離岸二期(註10),-,0.7,-, 
2026-09-26T20:30:34,2026-09-27T04:20:00,風力,海洋竹南,128.0,4.6,3.594%, 
2026-09-26T20:30:34,2026-09-27T04:20:00,風力,海能風,376.0,17.6,4.681%, 
2026-09-26T20:30:34,2026-09-27T04:20:00,風力,沃一風,605.2,38.1,6.296%, 
2026-09-26T20:30:34,2026-09-27T04:20:00,風力,沃二風,294.8,22.1,7.497%, 
2026-09-26T20:30:34,2026-09-27T04:20:00,風力,沃四風(註10),-,47.0,-, 
2026-09-26T20:30:34,2026-09-27T04:20:00,風力,沃南風,337.1,12.9,3.827%, 
2026-09-26T20:30:34,2026-09-27T04:20:00,風力,芳一風,96.0,0.0,0.000%, 
2026-09-26T20:30:34,2026-09-27T04:20:00,風力,芳二風,499.2,6.4,1.282%, 
2026-09-26T20:30:34,2026-09-27T04:20:00,風力,允湖,320.0,2.0,0.625%, 
2026-09-26T20:30:34,2026-09-27T04:20:00,風力,允西,320.0,1.7,0.531%, 
2026-09-26T20:30:34,2026-09-27T04:20:00,風力,中能風,294.5,3.6,1.222%, 
2026-09-26T20:30:34,2026-09-27T04:20:00,風力,龍A風(註10),-,9.8,-, 
2026-09-26T20:30:34,2026-09-27T04:20:00,風力,龍B風(註10),-,7.3,-, 
2026-09-26T20:30:34,2026-09-27T04:20:00,風力,龍三風(註10),-,0.0,-,通訊異常
2026-09-26T20:30:34,2026-09-27T04:20:00,風力,小計(註5),4187.1(6.852%),196.4(0.768%),,
2026-09-26T21:00:47,2026-09-27T04:50:00,風力,觀園,30.0,1.1,3.667%, 
2026-09-26T21:00:47,2026-09-27T04:50:00,風力,台中港,35.0,0.0,0.000%, 
2026-09-26T21:00:47,2026-09-27T04:50:00,風力,王功,23.0,0.4,1.739%, 
2026-09-26T21:00:47,2026-09-27T04:50:00,風力,彰工,86.2,0.5,0.580%,部分檢修
2026-09-26T21:00:47,2026-09-27T04:50:00,風力,雲麥,46.0,0.0,0.000%, 
2026-09-26T21:00:47,2026-09-27T04:50:00,風力,四湖,28.0,0.0,0.000%, 
2026-09-26T21:00:47,2026-09-27T04:50:00,風力,其它台電自有,84.7,14.4,16.993%, 
2026-09-26T21:00:47,2026-09-27T04:50:00,風力,苗栗大鵬,42.0,1.7,4.048%, 
2026-09-26T21:00:47,2026-09-27T04:50:00,風力,鹿威彰濱,55.2,1.4,2.536%, 
2026-09-26T21:00:47,2026-09-27T04:50:00,風力,觀威觀音&桃威新屋,48.3,1.4,2.899%, 
2026-09-26T21:00:47,2026-09-27T04:50:00,風力,中威大安,75.9,2.6,3.426%, 
2026-09-26T21:00:47,2026-09-27T04:50:00,風力,創維風,49.2,0.0,0.000%, 
2026-09-26T21:00:47,2026-09-27T04:50:00,風力,新源崙背,25.2,0.4,1.587%, 
2026-09-26T21:00:47,2026-09-27T04:50:00,風力,彰品風(註10),-,0.0,-, 
2026-09-26T21:00:47,2026-09-27T04:50:00,風力,其它購電風力,178.4,4.5,2.522%, 
2026-09-26T21:00:47,2026-09-27T04:50:00,風力,離岸一期,109.2,0.0,0.000%, 
2026-09-26T21:00:47,2026-09-27T04:50:00,風力,離岸二期(註10),-,0.7,-, 
2026-09-26T21:00:47,2026-09-27T04:50:00,風力,海洋竹南,128.0,15.7,12.266%, 
2026-09-26T21:00:47,2026-09-27T04:50:00,風力,海能風,376.0,36.3,9.654%, 
2026-09-26T21:00:47,2026-09-27T04:50:00,風力,沃一風,605.2,50.7,8.378%, 
2026-09-26T21:00:47,2026-09-27T04:50:00,風力,沃二風,294.8,25.8,8.753%, 
2026-09-26T21:00:47,2026-09-27T04:50:00,風力,沃四風(註10),-,66.2,-, 
2026-09-26T21:00:47,2026-09-27T04:50:00,風力,沃南風,337.1,24.6,7.298%, 
2026-09-26T21:00:47,2026-09-27T04:50:00,風力,芳一風,96.0,1.1,1.167%, 
2026-09-26T21:00:47,2026-09-27T04:50:00,風力,芳二風,499.2,13.4,2.684%, 
2026-09-26T21:00:47,2026-09-27T04:50:00,風力,允湖,320.0,3.4,1.063%, 
2026-09-26T21:00:47,2026-09-27T04:50:00,風力,允西,320.0,5.0,1.562%, 
2026-09-26T21:00:47,2026-09-27T04:50:00,風力,中能風,294.5,4.7,1.596%, 
2026-09-26T21:00:47,2026-09-27T04:50:00,風力,龍A風(註10),-,11.4,-, 
2026-09-26T21:00:47,2026-09-27T04:50:00,風力,龍B風(註10),-,7.3,-, 
2026-09-26T21:00:47,2026-09-27T04:50:00,風力,龍三風(註10),-,0.0,-,通訊異常
2026-09-26T21:00:47,2026-09-27T04:50:00,風力,小計(註5),4187.1(6.852%),294.7(1.158%),,
2026-09-26T21:30:40,2026-09-27T05:20:00,風力,觀園,30.0,0.5,1.667%, 
2026-09-26T21:30:40,2026-09-27T05:20:00,風力,台中港,35.0,0.0,0.000%, 
2026-09-26T21:30:40,2026-09-27T05:20:00,風力,王功,23.0,1.0,4.348%, 
2026-09-26T21:30:40,2026-09-27T05:20:00,風力,彰工,86.2,1.0,1.160%,部分檢修
2026-09-26T21:30:40,2026-09-27T05:20:00,風力,雲麥,46.0,0.0,0.000%, 
2026-09-26T21:30:40,2026-09-27T05:20:00,風力,四湖,28.0,0.0,0.000%, 
2026-09-26T21:30:40,2026-09-27T05:20:00,風力,其它台電自有,84.7,14.7,17.347%, 
2026-09-26T21:30:40,2026-09-27T05:20:00,風力,苗栗大鵬,42.0,3.6,8.571%, 
2026-09-26T21:30:40,2026-09-27T05:20:00,風力,鹿威彰濱,55.2,0.8,1.522%, 
2026-09-26T21:30:40,2026-09-27T05:20:00,風力,觀威觀音&桃威新屋,48.3,2.2,4.555%, 
2026-09-26T21:30:40,2026-09-27T05:20:00,風力,中威大安,75.9,5.9,7.773%, 
2026-09-26T21:30:40,2026-09-27T05:20:00,風力,創維風,49.2,0.0,0.000%, 
2026-09-26T21:30:40,2026-09-27T05:20:00,風力,新源崙背,25.2,0.4,1.587%, 
2026-09-26T21:30:40,2026-09-27T05:20:00,風力,彰品風(註10),-,0.0,-, 
2026-09-26T21:30:40,2026-09-27T05:20:00,風力,其它購電風力,178.4,8.8,4.933%, 
2026-09-26T21:30:40,2026-09-27T05:20:00,風力,離岸一期,109.2,0.0,0.000%, 
2026-09-26T21:30:40,2026-09-27T05:20:00,風力,離岸二期(註10),-,0.7,-, 
2026-09-26T21:30:40,2026-09-27T05:20:00,風力,海洋竹南,128.0,21.2,16.563%, 
2026-09-26T21:30:40,2026-09-27T05:20:00,風力,海能風,376.0,36.8,9.787%, 
2026-09-26T21:30:40,2026-09-27T05:20:00,風力,沃一風,605.2,48.2,7.965%, 
2026-09-26T21:30:40,2026-09-27T05:20:00,風力,沃二風,294.8,30.5,10.347%, 
2026-09-26T21:30:40,2026-09-27T05:20:00,風力,沃四風(註10),-,42.7,-, 
2026-09-26T21:30:40,2026-09-27T05:20:00,風力,沃南風,337.1,21.5,6.378%, 
2026-09-26T21:30:40,2026-09-27T05:20:00,風力,芳一風,96.0,2.5,2.625%, 
2026-09-26T21:30:40,2026-09-27T05:20:00,風力,芳二風,499.2,21.8,4.367%, 
2026-09-26T21:30:40,2026-09-27T05:20:00,風力,允湖,320.0,3.4,1.063%, 
2026-09-26T21:30:40,2026-09-27T05:20:00,風力,允西,320.0,4.5,1.406%, 
2026-09-26T21:30:40,2026-09-27T05:20:00,風力,中能風,294.5,6.3,2.139%, 
2026-09-26T21:30:40,2026-09-27T05:20:00,風力,龍A風(註10),-,10.8,-, 
2026-09-26T21:30:40,2026-09-27T05:20:00,風力,龍B風(註10),-,4.7,-, 
2026-09-26T21:30:40,2026-09-27T05:20:00,風力,龍三風(註10),-,0.0,-,通訊異常
2026-09-26T21:30:40,2026-09-27T05:20:00,風力,小計(註5),4187.1(6.852%),294.6(1.161%),,
2026-09-26T22:00:48,2026-09-27T05:50:00,風力,觀園,30.0,1.3,4.333%, 
2026-09-26T22:00:48,2026-09-27T05:50:00,風力,台中港,35.0,0.5,1.543%, 
2026-09-26T22:00:48,2026-09-27T05:50:00,風力,王功,23.0,1.4,6.087%, 
2026-09-26T22:00:48,2026-09-27T05:50:00,風力,彰工,86.2,2.2,2.552%,部分檢修
2026-09-26T22:00:48,2026-09-27T05:50:00,風力,雲麥,46.0,1.3,2.826%, 
2026-09-26T22:00:48,2026-09-27T05:50:00,風力,四湖,28.0,0.0,0.000%, 
2026-09-26T22:00:48,2026-09-27T05:50:00,風力,其它台電自有,84.7,14.4,16.993%, 
2026-09-26T22:00:48,2026-09-27T05:50:00,風力,苗栗大鵬,42.0,4.0,9.524%, 
2026-09-26T22:00:48,2026-09-27T05:50:00,風力,鹿威彰濱,55.2,2.2,3.986%, 
2026-09-26T22:00:48,2026-09-27T05:50:00,風力,觀威觀音&桃威新屋,48.3,3.1,6.418%, 
2026-09-26T22:00:48,2026-09-27T05:50:00,風力,中威大安,75.9,4.0,5.270%, 
2026-09-26T22:00:48,2026-09-27T05:50:00,風力,創維風,49.2,0.0,0.000%, 
2026-09-26T22:00:48,2026-09-27T05:50:00,風力,新源崙背,25.2,1.6,6.349%, 
2026-09-26T22:00:48,2026-09-27T05:50:00,風力,彰品風(註10),-,0.0,-, 
2026-09-26T22:00:48,2026-09-27T05:50:00,風力,其它購電風力,178.4,8.2,4.596%, 
2026-09-26T22:00:48,2026-09-27T05:50:00,風力,離岸一期,109.2,5.6,5.128%, 
2026-09-26T22:00:48,2026-09-27T05:50:00,風力,離岸二期(註10),-,0.7,-, 
2026-09-26T22:00:48,2026-09-27T05:50:00,風力,海洋竹南,128.0,27.5,21.484%, 
2026-09-26T22:00:48,2026-09-27T05:50:00,風力,海能風,376.0,44.5,11.835%, 
2026-09-26T22:00:48,2026-09-27T05:50:00,風力,沃一風,605.2,19.0,3.140%, 
2026-09-26T22:00:48,2026-09-27T05:50:00,風力,沃二風,294.8,15.7,5.326%, 
2026-09-26T22:00:48,2026-09-27T05:50:00,風力,沃四風(註10),-,28.8,-, 
2026-09-26T22:00:48,2026-09-27T05:50:00,風力,沃南風,337.1,13.1,3.886%, 
2026-09-26T22:00:48,2026-09-27T05:50:00,風力,芳一風,96.0,1.1,1.167%, 
2026-09-26T22:00:48,2026-09-27T05:50:00,風力,芳二風,499.2,9.2,1.843%, 
2026-09-26T22:00:48,2026-09-27T05:50:00,風力,允湖,320.0,0.0,0.000%, 
2026-09-26T22:00:48,2026-09-27T05:50:00,風力,允西,320.0,0.0,0.000%, 
2026-09-26T22:00:48,2026-09-27T05:50:00,風力,中能風,294.5,4.3,1.460%, 
2026-09-26T22:00:48,2026-09-27T05:50:00,風力,龍A風(註10),-,17.7,-, 
2026-09-26T22:00:48,2026-09-27T05:50:00,風力,龍B風(註10),-,9.8,-, 
2026-09-26T22:00:48,2026-09-27T05:50:00,風力,龍三風(註10),-,0.0,-,通訊異常
2026-09-26T22:00:48,2026-09-27T05:50:00,風力,小計(註5),4187.1(6.852%),241.3(0.958%),,
2026-09-26T22:30:41,2026-09-27T06:20:00,風力,觀園,30.0,1.6,5.333%, 
2026-09-26T22:30:41,2026-09-27T06:20:00,風力,台中港,35.0,0.5,1.429%, 
2026-09-26T22:30:41,2026-09-27T06:20:00,風力,王功,23.0,1.9,8.261%, 
2026-09-26T22:30:41,2026-09-27T06:20:00,風力,彰工,86.2,2.0,2.320%,部分檢修
2026-09-26T22:30:41,2026-09-27T06:20:00,風力,雲麥,46.0,1.0,2.174%, 
2026-09-26T22:30:41,2026-09-27T06:20:00,風力,四湖,28.0,0.8,2.857%, 
2026-09-26T22:30:41,2026-09-27T06:20:00,風力,其它台電自有,84.7,14.2,16.757%, 
2026-09-26T22:30:41,2026-09-27T06:20:00,風力,苗栗大鵬,42.0,2.7,6.429%, 
2026-09-26T22:30:41,2026-09-27T06:20:00,風力,鹿威彰濱,55.2,2.2,3.986%, 
2026-09-26T22:30:41,2026-09-27T06:20:00,風力,觀威觀音&桃威新屋,48.3,4.2,8.696%, 
2026-09-26T22:30:41,2026-09-27T06:20:00,風力,中威大安,75.9,6.3,8.300%, 
2026-09-26T22:30:41,2026-09-27T06:20:00,風力,創維風,49.2,2.5,5.081%, 
2026-09-26T22:30:41,2026-09-27T06:20:00,風力,新源崙背,25.2,2.6,10.317%, 
2026-09-26T22:30:41,2026-09-27T06:20:00,風力,彰品風(註10),-,0.0,-, 
2026-09-26T22:30:41,2026-09-27T06:20:00,風力,其它購電風力,178.4,9.1,5.101%, 
2026-09-26T22:30:41,2026-09-27T06:20:00,風力,離岸一期,109.2,7.0,6.410%, 
2026-09-26T22:30:41,2026-09-27T06:20:00,風力,離岸二期(註10),-,0.7,-, 
2026-09-26T22:30:41,2026-09-27T06:20:00,風力,海洋竹南,128.0,21.0,16.406%, 
2026-09-26T22:30:41,2026-09-27T06:20:00,風力,海能風,376.0,45.8,12.181%, 
2026-09-26T22:30:41,2026-09-27T06:20:00,風力,沃一風,605.2,30.5,5.040%, 
2026-09-26T22:30:41,2026-09-27T06:20:00,風力,沃二風,294.8,21.8,7.396%, 
2026-09-26T22:30:41,2026-09-27T06:20:00,風力,沃四風(註10),-,42.4,-, 
2026-09-26T22:30:41,2026-09-27T06:20:00,風力,沃南風,337.1,16.9,5.014%, 
2026-09-26T22:30:41,2026-09-27T06:20:00,風力,芳一風,96.0,2.5,2.604%, 
2026-09-26T22:30:41,2026-09-27T06:20:00,風力,芳二風,499.2,10.6,2.123%, 
2026-09-26T22:30:41,2026-09-27T06:20:00,風力,允湖,320.0,0.0,0.000%, 
2026-09-26T22:30:41,2026-09-27T06:20:00,風力,允西,320.0,0.0,0.000%, 
2026-09-26T22:30:41,2026-09-27T06:20:00,風力,中能風,294.5,0.6,0.204%, 
2026-09-26T22:30:41,2026-09-27T06:20:00,風力,龍A風(註10),-,11.9,-, 
2026-09-26T22:30:41,2026-09-27T06:20:00,風力,龍B風(註10),-,7.9,-, 
2026-09-26T22:30:41,2026-09-27T06:20:00,風力,龍三風(註10),-,0.0,-,通訊異常
2026-09-26T22:30:41,2026-09-27T06:20:00,風力,小計(註5),4187.1(6.852%),271.2(1.072%),,
2026-09-26T23:00:49,2026-09-27T06:50:00,風力,觀園,30.0,1.0,3.333%, 
2026-09-26T23:00:49,2026-09-27T06:50:00,風力,台中港,35.0,1.0,2.857%, 
2026-09-26T23:00:49,2026-09-27T06:50:00,風力,王功,23.0,1.5,6.522%, 
2026-09-26T23:00:49,2026-09-27T06:50:00,風力,彰工,86.2,1.9,2.204%,部分檢修
2026-09-26T23:00:49,2026-09-27T06:50:00,風力,雲麥,46.0,1.6,3.478%, 
2026-09-26T23:00:49,2026-09-27T06:50:00,風力,四湖,28.0,0.8,2.857%, 
2026-09-26T23:00:49,2026-09-27T06:50:00,風力,其它台電自有,84.7,12.9,15.223%, 
2026-09-26T23:00:49,2026-09-27T06:50:00,風力,苗栗大鵬,42.0,1.8,4.286%, 
2026-09-26T23:00:49,2026-09-27T06:50:00,風力,鹿威彰濱,55.2,1.7,3.080%, 
2026-09-26T23:00:49,2026-09-27T06:50:00,風力,觀威觀音&桃威新屋,48.3,3.2,6.625%, 
2026-09-26T23:00:49,2026-09-27T06:50:00,風力,中威大安,75.9,4.4,5.797%, 
2026-09-26T23:00:49,2026-09-27T06:50:00,風力,創維風,49.2,2.5,5.081%, 
2026-09-26T23:00:49,2026-09-27T06:50:00,風力,新源崙背,25.2,2.6,10.317%, 
2026-09-26T23:00:49,2026-09-27T06:50:00,風力,彰品風(註10),-,0.0,-, 
2026-09-26T23:00:49,2026-09-27T06:50:00,風力,其它購電風力,178.4,6.3,3.531%, 
2026-09-26T23:00:49,2026-09-27T06:50:00,風力,離岸一期,109.2,9.8,8.974%, 
2026-09-26T23:00:49,2026-09-27T06:50:00,風力,離岸二期(註10),-,0.7,-, 
2026-09-26T23:00:49,2026-09-27T06:50:00,風力,海洋竹南,128.0,21.2,16.563%, 
2026-09-26T23:00:49,2026-09-27T06:50:00,風力,海能風,376.0,52.3,13.910%, 
2026-09-26T23:00:49,2026-09-27T06:50:00,風力,沃一風,605.2,35.0,5.783%, 
2026-09-26T23:00:49,2026-09-27T06:50:00,風力,沃二風,294.8,21.3,7.226%, 
2026-09-26T23:00:49,2026-09-27T06:50:00,風力,沃四風(註10),-,37.4,-, 
2026-09-26T23:00:49,2026-09-27T06:50:00,風力,沃南風,337.1,12.6,3.738%, 
2026-09-26T23:00:49,2026-09-27T06:50:00,風力,芳一風,96.0,5.3,5.521%, 
2026-09-26T23:00:49,2026-09-27T06:50:00,風力,芳二風,499.2,24.6,4.928%, 
2026-09-26T23:00:49,2026-09-27T06:50:00,風力,允湖,320.0,0.0,0.000%, 
2026-09-26T23:00:49,2026-09-27T06:50:00,風力,允西,320.0,0.0,0.000%, 
2026-09-26T23:00:49,2026-09-27T06:50:00,風力,中能風,294.5,7.8,2.649%, 
2026-09-26T23:00:49,2026-09-27T06:50:00,風力,龍A風(註10),-,7.9,-, 
2026-09-26T23:00:49,2026-09-27T06:50:00,風力,龍B風(註10),-,7.3,-, 
2026-09-26T23:00:49,2026-09-27T06:50:00,風力,龍三風(註10),-,0.0,-,通訊異常
2026-09-26T23:00:49,2026-09-27T06:50:00,風力,小計(註5),4187.1(6.852%),286.4(1.136%),,
2026-09-26T23:30:38,2026-09-27T07:20:00,風力,觀園,30.0,2.4,8.000%, 
2026-09-26T23:30:38,2026-09-27T07:20:00,風力,台中港,35.0,1.6,4.571%, 
2026-09-26T23:30:38,2026-09-27T07:20:00,風力,王功,23.0,0.6,2.609%, 
2026-09-26T23:30:38,2026-09-27T07:20:00,風力,彰工,86.2,2.7,3.132%,部分檢修
2026-09-26T23:30:38,2026-09-27T07:20:00,風力,雲麥,46.0,0.7,1.522%, 
2026-09-26T23:30:38,2026-09-27T07:20:00,風力,四湖,28.0,0.3,1.071%, 
2026-09-26T23:30:38,2026-09-27T07:20:00,風力,其它台電自有,84.7,10.6,12.509%, 
2026-09-26T23:30:38,2026-09-27T07:20:00,風力,苗栗大鵬,42.0,2.2,5.238%, 
2026-09-26T23:30:38,2026-09-27T07:20:00,風力,鹿威彰濱,55.2,2.8,5.072%, 
2026-09-26T23:30:38,2026-09-27T07:20:00,風力,觀威觀音&桃威新屋,48.3,3.0,6.211%, 
2026-09-26T23:30:38,2026-09-27T07:20:00,風力,中威大安,75.9,4.0,5.270%, 
2026-09-26T23:30:38,2026-09-27T07:20:00,風力,創維風,49.2,2.9,5.894%, 
2026-09-26T23:30:38,2026-09-27T07:20:00,風力,新源崙背,25.2,1.3,5.159%, 
2026-09-26T23:30:38,2026-09-27T07:20:00,風力,彰品風(註10),-,0.0,-, 
2026-09-26T23:30:38,2026-09-27T07:20:00,風力,其它購電風力,178.4,7.3,4.092%, 
2026-09-26T23:30:38,2026-09-27T07:20:00,風力,離岸一期,109.2,7.3,6.685%, 
2026-09-26T23:30:38,2026-09-27T07:20:00,風力,離岸二期(註10),-,0.9,-, 
2026-09-26T23:30:38,2026-09-27T07:20:00,風力,海洋竹南,128.0,23.1,18.047%, 
2026-09-26T23:30:38,2026-09-27T07:20:00,風力,海能風,376.0,55.9,14.867%, 
2026-09-26T23:30:38,2026-09-27T07:20:00,風力,沃一風,605.2,68.9,11.385%, 
2026-09-26T23:30:38,2026-09-27T07:20:00,風力,沃二風,294.8,17.6,5.971%, 
2026-09-26T23:30:38,2026-09-27T07:20:00,風力,沃四風(註10),-,25.9,-, 
2026-09-26T23:30:38,2026-09-27T07:20:00,風力,沃南風,337.1,13.4,3.975%, 
2026-09-26T23:30:38,2026-09-27T07:20:00,風力,芳一風,96.0,12.3,12.813%, 
2026-09-26T23:30:38,2026-09-27T07:20:00,風力,芳二風,499.2,41.4,8.293%, 
2026-09-26T23:30:38,2026-09-27T07:20:00,風力,允湖,320.0,0.0,0.000%, 
2026-09-26T23:30:38,2026-09-27T07:20:00,風力,允西,320.0,3.4,1.063%, 
2026-09-26T23:30:38,2026-09-27T07:20:00,風力,中能風,294.5,12.5,4.244%, 
2026-09-26T23:30:38,2026-09-27T07:20:00,風力,龍A風(註10),-,18.2,-, 
2026-09-26T23:30:38,2026-09-27T07:20:00,風力,龍B風(註10),-,12.3,-, 
2026-09-26T23:30:38,2026-09-27T07:20:00,風力,龍三風(註10),-,0.0,-,通訊異常
2026-09-26T23:30:38,2026-09-27T07:20:00,風力,小計(註5),4187.1(6.852%),355.5(1.420%),,
2026-09-27T00:00:45,2026-09-27T07:50:00,風力,觀園,30.0,2.0,6.667%, 
2026-09-27T00:00:45,2026-09-27T07:50:00,風力,台中港,35.0,1.2,3.343%, 
2026-09-27T00:00:45,2026-09-27T07:50:00,風力,王功,23.0,1.1,4.783%, 
2026-09-27T00:00:45,2026-09-27T07:50:00,風力,彰工,86.2,2.4,2.784%,部分檢修
2026-09-27T00:00:45,2026-09-27T07:50:00,風力,雲麥,46.0,0.7,1.522%, 
2026-09-27T00:00:45,2026-09-27T07:50:00,風力,四湖,28.0,0.1,0.357%, 
2026-09-27T00:00:45,2026-09-27T07:50:00,風力,其它台電自有,84.7,9.9,11.683%, 
2026-09-27T00:00:45,2026-09-27T07:50:00,風力,苗栗大鵬,42.0,3.1,7.381%, 
2026-09-27T00:00:45,2026-09-27T07:50:00,風力,鹿威彰濱,55.2,3.4,6.159%, 
2026-09-27T00:00:45,2026-09-27T07:50:00,風力,觀威觀音&桃威新屋,48.3,4.2,8.696%, 
2026-09-27T00:00:45,2026-09-27T07:50:00,風力,中威大安,75.9,4.6,6.061%, 
2026-09-27T00:00:45,2026-09-27T07:50:00,風力,創維風,49.2,0.0,0.000%, 
2026-09-27T00:00:45,2026-09-27T07:50:00,風力,新源崙背,25.2,1.4,5.556%, 
2026-09-27T00:00:45,2026-09-27T07:50:00,風力,彰品風(註10),-,0.0,-, 
2026-09-27T00:00:45,2026-09-27T07:50:00,風力,其它購電風力,178.4,7.7,4.316%, 
2026-09-27T00:00:45,2026-09-27T07:50:00,風力,離岸一期,109.2,10.4,9.487%, 
2026-09-27T00:00:45,2026-09-27T07:50:00,風力,離岸二期(註10),-,0.5,-, 
2026-09-27T00:00:45,2026-09-27T07:50:00,風力,海洋竹南,128.0,16.2,12.656%, 
2026-09-27T00:00:45,2026-09-27T07:50:00,風力,海能風,376.0,67.4,17.926%, 
2026-09-27T00:00:45,2026-09-27T07:50:00,風力,沃一風,605.2,31.1,5.139%, 
2026-09-27T00:00:45,2026-09-27T07:50:00,風力,沃二風,294.8,8.4,2.850%, 
2026-09-27T00:00:45,2026-09-27T07:50:00,風力,沃四風(註10),-,23.8,-, 
2026-09-27T00:00:45,2026-09-27T07:50:00,風力,沃南風,337.1,8.6,2.551%, 
2026-09-27T00:00:45,2026-09-27T07:50:00,風力,芳一風,96.0,6.7,6.979%, 
2026-09-27T00:00:45,2026-09-27T07:50:00,風力,芳二風,499.2,28.8,5.769%, 
2026-09-27T00:00:45,2026-09-27T07:50:00,風力,允湖,320.0,3.4,1.063%, 
2026-09-27T00:00:45,2026-09-27T07:50:00,風力,允西,320.0,3.6,1.125%, 
2026-09-27T00:00:45,2026-09-27T07:50:00,風力,中能風,294.5,23.5,7.980%, 
2026-09-27T00:00:45,2026-09-27T07:50:00,風力,龍A風(註10),-,16.4,-, 
2026-09-27T00:00:45,2026-09-27T07:50:00,風力,龍B風(註10),-,9.3,-, 
2026-09-27T00:00:45,2026-09-27T07:50:00,風力,龍三風(註10),-,0.0,-,通訊異常
2026-09-27T00:00:45,2026-09-27T07:50:00,風力,小計(註5),4187.1(6.852%),299.8(1.156%),,
2026-09-27T00:30:37,2026-09-27T08:20:00,風力,觀園,30.0,6.9,23.000%, 
2026-09-27T00:30:37,2026-09-27T08:20:00,風力,台中港,35.0,1.3,3.714%, 
2026-09-27T00:30:37,2026-09-27T08:20:00,風力,王功,23.0,0.7,3.043%, 
2026-09-27T00:30:37,2026-09-27T08:20:00,風力,彰工,86.2,2.3,2.668%,部分檢修
2026-09-27T00:30:37,2026-09-27T08:20:00,風力,雲麥,46.0,0.5,1.087%, 
2026-09-27T00:30:37,2026-09-27T08:20:00,風力,四湖,28.0,0.2,0.714%, 
2026-09-27T00:30:37,2026-09-27T08:20:00,風力,其它台電自有,84.7,9.5,11.211%, 
2026-09-27T00:30:37,2026-09-27T08:20:00,風力,苗栗大鵬,42.0,4.0,9.524%, 
2026-09-27T00:30:37,2026-09-27T08:20:00,風力,鹿威彰濱,55.2,2.5,4.565%, 
2026-09-27T00:30:37,2026-09-27T08:20:00,風力,觀威觀音&桃威新屋,48.3,7.3,15.114%, 
2026-09-27T00:30:37,2026-09-27T08:20:00,風力,中威大安,75.9,6.2,8.169%, 
2026-09-27T00:30:37,2026-09-27T08:20:00,風力,創維風,49.2,1.0,2.033%, 
2026-09-27T00:30:37,2026-09-27T08:20:00,風力,新源崙背,25.2,0.8,3.175%, 
2026-09-27T00:30:37,2026-09-27T08:20:00,風力,彰品風(註10),-,0.0,-, 
2026-09-27T00:30:37,2026-09-27T08:20:00,風力,其它購電風力,178.4,6.4,3.587%, 
2026-09-27T00:30:37,2026-09-27T08:20:00,風力,離岸一期,109.2,4.2,3.846%, 
2026-09-27T00:30:37,2026-09-27T08:20:00,風力,離岸二期(註10),-,0.9,-, 
2026-09-27T00:30:37,2026-09-27T08:20:00,風力,海洋竹南,128.0,22.0,17.188%, 
2026-09-27T00:30:37,2026-09-27T08:20:00,風力,海能風,376.0,58.0,15.426%, 
2026-09-27T00:30:37,2026-09-27T08:20:00,風力,沃一風,605.2,46.2,7.634%, 
2026-09-27T00:30:37,2026-09-27T08:20:00,風力,沃二風,294.8,10.1,3.420%, 
2026-09-27T00:30:37,2026-09-27T08:20:00,風力,沃四風(註10),-,25.9,-, 
2026-09-27T00:30:37,2026-09-27T08:20:00,風力,沃南風,337.1,9.7,2.878%, 
2026-09-27T00:30:37,2026-09-27T08:20:00,風力,芳一風,96.0,6.7,6.979%, 
2026-09-27T00:30:37,2026-09-27T08:20:00,風力,芳二風,499.2,17.6,3.526%, 
2026-09-27T00:30:37,2026-09-27T08:20:00,風力,允湖,320.0,8.4,2.625%, 
2026-09-27T00:30:37,2026-09-27T08:20:00,風力,允西,320.0,10.6,3.313%, 
2026-09-27T00:30:37,2026-09-27T08:20:00,風力,中能風,294.5,12.8,4.346%, 
2026-09-27T00:30:37,2026-09-27T08:20:00,風力,龍A風(註10),-,20.8,-, 
2026-09-27T00:30:37,2026-09-27T08:20:00,風力,龍B風(註10),-,13.5,-, 
2026-09-27T00:30:37,2026-09-27T08:20:00,風力,龍三風(註10),-,0.0,-,通訊異常
2026-09-27T00:30:37,2026-09-27T08:20:00,風力,小計(註5),4187.1(6.852%),317.0(1.191%),,
2026-09-27T01:00:46,2026-09-27T08:50:00,風力,觀園,30.0,5.9,19.667%, 
2026-09-27T01:00:46,2026-09-27T08:50:00,風力,台中港,35.0,0.8,2.286%, 
2026-09-27T01:00:46,2026-09-27T08:50:00,風力,王功,23.0,0.7,3.043%, 
2026-09-27T01:00:46,2026-09-27T08:50:00,風力,彰工,86.2,1.4,1.624%,部分檢修
2026-09-27T01:00:46,2026-09-27T08:50:00,風力,雲麥,46.0,0.8,1.739%, 
2026-09-27T01:00:46,2026-09-27T08:50:00,風力,四湖,28.0,0.3,1.071%, 
2026-09-27T01:00:46,2026-09-27T08:50:00,風力,其它台電自有,84.7,8.6,10.149%, 
2026-09-27T01:00:46,2026-09-27T08:50:00,風力,苗栗大鵬,42.0,5.1,12.143%, 
2026-09-27T01:00:46,2026-09-27T08:50:00,風力,鹿威彰濱,55.2,2.0,3.623%, 
2026-09-27T01:00:46,2026-09-27T08:50:00,風力,觀威觀音&桃威新屋,48.3,8.4,17.391%, 
2026-09-27T01:00:46,2026-09-27T08:50:00,風力,中威大安,75.9,7.1,9.354%, 
2026-09-27T01:00:46,2026-09-27T08:50:00,風力,創維風,49.2,0.0,0.000%, 
2026-09-27T01:00:46,2026-09-27T08:50:00,風力,新源崙背,25.2,1.3,5.159%, 
2026-09-27T01:00:46,2026-09-27T08:50:00,風力,彰品風(註10),-,0.0,-, 
2026-09-27T01:00:46,2026-09-27T08:50:00,風力,其它購電風力,178.4,8.8,4.933%, 
2026-09-27T01:00:46,2026-09-27T08:50:00,風力,離岸一期,109.2,5.9,5.385%, 
2026-09-27T01:00:46,2026-09-27T08:50:00,風力,離岸二期(註10),-,0.9,-, 
2026-09-27T01:00:46,2026-09-27T08:50:00,風力,海洋竹南,128.0,27.3,21.328%, 
2026-09-27T01:00:46,2026-09-27T08:50:00,風力,海能風,376.0,77.5,20.612%, 
2026-09-27T01:00:46,2026-09-27T08:50:00,風力,沃一風,605.2,87.9,14.525%, 
2026-09-27T01:00:46,2026-09-27T08:50:00,風力,沃二風,294.8,31.1,10.551%, 
2026-09-27T01:00:46,2026-09-27T08:50:00,風力,沃四風(註10),-,65.0,-, 
2026-09-27T01:00:46,2026-09-27T08:50:00,風力,沃南風,337.1,30.5,9.048%, 
2026-09-27T01:00:46,2026-09-27T08:50:00,風力,芳一風,96.0,6.7,6.979%, 
2026-09-27T01:00:46,2026-09-27T08:50:00,風力,芳二風,499.2,30.0,6.010%, 
2026-09-27T01:00:46,2026-09-27T08:50:00,風力,允湖,320.0,15.1,4.719%, 
2026-09-27T01:00:46,2026-09-27T08:50:00,風力,允西,320.0,18.2,5.688%, 
2026-09-27T01:00:46,2026-09-27T08:50:00,風力,中能風,294.5,17.8,6.044%, 
2026-09-27T01:00:46,2026-09-27T08:50:00,風力,龍A風(註10),-,20.5,-, 
2026-09-27T01:00:46,2026-09-27T08:50:00,風力,龍B風(註10),-,15.8,-, 
2026-09-27T01:00:46,2026-09-27T08:50:00,風力,龍三風(註10),-,0.0,-,通訊異常
2026-09-27T01:00:46,2026-09-27T08:50:00,風力,小計(註5),4187.1(6.852%),501.4(1.845%),,
2026-09-27T01:30:42,2026-09-27T09:20:00,風力,觀園,30.0,3.5,11.667%, 
2026-09-27T01:30:42,2026-09-27T09:20:00,風力,台中港,35.0,1.6,4.571%, 
2026-09-27T01:30:42,2026-09-27T09:20:00,風力,王功,23.0,0.4,1.739%, 
2026-09-27T01:30:42,2026-09-27T09:20:00,風力,彰工,86.2,1.9,2.204%,部分檢修
2026-09-27T01:30:42,2026-09-27T09:20:00,風力,雲麥,46.0,0.9,1.957%, 
2026-09-27T01:30:42,2026-09-27T09:20:00,風力,四湖,28.0,0.5,1.786%, 
2026-09-27T01:30:42,2026-09-27T09:20:00,風力,其它台電自有,84.7,6.1,7.198%, 
2026-09-27T01:30:42,2026-09-27T09:20:00,風力,苗栗大鵬,42.0,7.1,16.905%, 
2026-09-27T01:30:42,2026-09-27T09:20:00,風力,鹿威彰濱,55.2,1.7,3.080%, 
2026-09-27T01:30:42,2026-09-27T09:20:00,風力,觀威觀音&桃威新屋,48.3,9.1,18.841%, 
2026-09-27T01:30:42,2026-09-27T09:20:00,風力,中威大安,75.9,6.3,8.300%, 
2026-09-27T01:30:42,2026-09-27T09:20:00,風力,創維風,49.2,1.7,3.455%, 
2026-09-27T01:30:42,2026-09-27T09:20:00,風力,新源崙背,25.2,1.1,4.365%, 
2026-09-27T01:30:42,2026-09-27T09:20:00,風力,彰品風(註10),-,0.0,-, 
2026-09-27T01:30:42,2026-09-27T09:20:00,風力,其它購電風力,178.4,12.2,6.839%, 
2026-09-27T01:30:42,2026-09-27T09:20:00,風力,離岸一期,109.2,0.0,0.000%, 
2026-09-27T01:30:42,2026-09-27T09:20:00,風力,離岸二期(註10),-,0.9,-, 
2026-09-27T01:30:42,2026-09-27T09:20:00,風力,海洋竹南,128.0,41.6,32.500%, 
2026-09-27T01:30:42,2026-09-27T09:20:00,風力,海能風,376.0,101.0,26.862%, 
2026-09-27T01:30:42,2026-09-27T09:20:00,風力,沃一風,605.2,85.4,14.112%, 
2026-09-27T01:30:42,2026-09-27T09:20:00,風力,沃二風,294.8,36.1,12.247%, 
2026-09-27T01:30:42,2026-09-27T09:20:00,風力,沃四風(註10),-,95.1,-, 
2026-09-27T01:30:42,2026-09-27T09:20:00,風力,沃南風,337.1,38.4,11.392%, 
2026-09-27T01:30:42,2026-09-27T09:20:00,風力,芳一風,96.0,3.9,4.063%, 
2026-09-27T01:30:42,2026-09-27T09:20:00,風力,芳二風,499.2,21.6,4.327%, 
2026-09-27T01:30:42,2026-09-27T09:20:00,風力,允湖,320.0,10.9,3.406%, 
2026-09-27T01:30:42,2026-09-27T09:20:00,風力,允西,320.0,18.5,5.781%, 
2026-09-27T01:30:42,2026-09-27T09:20:00,風力,中能風,294.5,15.6,5.297%, 
2026-09-27T01:30:42,2026-09-27T09:20:00,風力,龍A風(註10),-,24.5,-, 
2026-09-27T01:30:42,2026-09-27T09:20:00,風力,龍B風(註10),-,16.3,-, 
2026-09-27T01:30:42,2026-09-27T09:20:00,風力,龍三風(註10),-,0.0,-,通訊異常
2026-09-27T01:30:42,2026-09-27T09:20:00,風力,小計(註5),4187.1(6.852%),563.9(2.022%),,
2026-09-27T02:00:42,2026-09-27T09:50:00,風力,觀園,30.0,4.5,15.000%, 
2026-09-27T02:00:42,2026-09-27T09:50:00,風力,台中港,35.0,2.5,7.143%, 
2026-09-27T02:00:42,2026-09-27T09:50:00,風力,王功,23.0,0.9,3.913%, 
2026-09-27T02:00:42,2026-09-27T09:50:00,風力,彰工,86.2,2.4,2.784%,部分檢修
2026-09-27T02:00:42,2026-09-27T09:50:00,風力,雲麥,46.0,0.4,0.870%, 
2026-09-27T02:00:42,2026-09-27T09:50:00,風力,四湖,28.0,0.6,2.143%, 
2026-09-27T02:00:42,2026-09-27T09:50:00,風力,其它台電自有,84.7,5.1,6.018%, 
2026-09-27T02:00:42,2026-09-27T09:50:00,風力,苗栗大鵬,42.0,9.1,21.667%, 
2026-09-27T02:00:42,2026-09-27T09:50:00,風力,鹿威彰濱,55.2,2.2,3.986%, 
2026-09-27T02:00:42,2026-09-27T09:50:00,風力,觀威觀音&桃威新屋,48.3,10.1,20.911%, 
2026-09-27T02:00:42,2026-09-27T09:50:00,風力,中威大安,75.9,9.5,12.516%, 
2026-09-27T02:00:42,2026-09-27T09:50:00,風力,創維風,49.2,1.3,2.642%, 
2026-09-27T02:00:42,2026-09-27T09:50:00,風力,新源崙背,25.2,0.8,3.175%, 
2026-09-27T02:00:42,2026-09-27T09:50:00,風力,彰品風(註10),-,0.0,-, 
2026-09-27T02:00:42,2026-09-27T09:50:00,風力,其它購電風力,178.4,17.0,9.529%, 
2026-09-27T02:00:42,2026-09-27T09:50:00,風力,離岸一期,109.2,2.5,2.308%, 
2026-09-27T02:00:42,2026-09-27T09:50:00,風力,離岸二期(註10),-,0.7,-, 
2026-09-27T02:00:42,2026-09-27T09:50:00,風力,海洋竹南,128.0,50.0,39.062%, 
2026-09-27T02:00:42,2026-09-27T09:50:00,風力,海能風,376.0,100.4,26.702%, 
2026-09-27T02:00:42,2026-09-27T09:50:00,風力,沃一風,605.2,144.2,23.828%, 
2026-09-27T02:00:42,2026-09-27T09:50:00,風力,沃二風,294.8,57.1,19.371%, 
2026-09-27T02:00:42,2026-09-27T09:50:00,風力,沃四風(註10),-,128.3,-, 
2026-09-27T02:00:42,2026-09-27T09:50:00,風力,沃南風,337.1,57.4,17.029%, 
2026-09-27T02:00:42,2026-09-27T09:50:00,風力,芳一風,96.0,6.7,7.000%, 
2026-09-27T02:00:42,2026-09-27T09:50:00,風力,芳二風,499.2,38.4,7.692%, 
2026-09-27T02:00:42,2026-09-27T09:50:00,風力,允湖,320.0,13.7,4.281%, 
2026-09-27T02:00:42,2026-09-27T09:50:00,風力,允西,320.0,11.5,3.594%, 
2026-09-27T02:00:42,2026-09-27T09:50:00,風力,中能風,294.5,24.4,8.285%, 
2026-09-27T02:00:42,2026-09-27T09:50:00,風力,龍A風(註10),-,29.2,-, 
2026-09-27T02:00:42,2026-09-27T09:50:00,風力,龍B風(註10),-,15.9,-, 
2026-09-27T02:00:42,2026-09-27T09:50:00,風力,龍三風(註10),-,0.0,-,通訊異常
2026-09-27T02:00:42,2026-09-27T09:50:00,風力,小計(註5),4187.1(6.852%),746.8(2.634%),,
2026-09-27T02:30:41,2026-09-27T10:20:00,風力,觀園,30.0,5.9,19.667%, 
2026-09-27T02:30:41,2026-09-27T10:20:00,風力,台中港,35.0,2.3,6.571%, 
2026-09-27T02:30:41,2026-09-27T10:20:00,風力,王功,23.0,1.3,5.652%, 
2026-09-27T02:30:41,2026-09-27T10:20:00,風力,彰工,86.2,2.8,3.248%,部分檢修
2026-09-27T02:30:41,2026-09-27T10:20:00,風力,雲麥,46.0,0.8,1.739%, 
2026-09-27T02:30:41,2026-09-27T10:20:00,風力,四湖,28.0,0.5,1.786%, 
2026-09-27T02:30:41,2026-09-27T10:20:00,風力,其它台電自有,84.7,5.7,6.726%, 
2026-09-27T02:30:41,2026-09-27T10:20:00,風力,苗栗大鵬,42.0,9.9,23.571%, 
2026-09-27T02:30:41,2026-09-27T10:20:00,風力,鹿威彰濱,55.2,2.5,4.529%, 
2026-09-27T02:30:41,2026-09-27T10:20:00,風力,觀威觀音&桃威新屋,48.3,9.5,19.669%, 
2026-09-27T02:30:41,2026-09-27T10:20:00,風力,中威大安,75.9,11.6,15.283%, 
2026-09-27T02:30:41,2026-09-27T10:20:00,風力,創維風,49.2,0.0,0.000%, 
2026-09-27T02:30:41,2026-09-27T10:20:00,風力,新源崙背,25.2,1.7,6.746%, 
2026-09-27T02:30:41,2026-09-27T10:20:00,風力,彰品風(註10),-,0.0,-, 
2026-09-27T02:30:41,2026-09-27T10:20:00,風力,其它購電風力,178.4,19.2,10.762%, 
2026-09-27T02:30:41,2026-09-27T10:20:00,風力,離岸一期,109.2,4.2,3.846%, 
2026-09-27T02:30:41,2026-09-27T10:20:00,風力,離岸二期(註10),-,0.9,-, 
2026-09-27T02:30:41,2026-09-27T10:20:00,風力,海洋竹南,128.0,58.0,45.312%, 
2026-09-27T02:30:41,2026-09-27T10:20:00,風力,海能風,376.0,122.6,32.606%, 
2026-09-27T02:30:41,2026-09-27T10:20:00,風力,沃一風,605.2,140.8,23.266%, 
2026-09-27T02:30:41,2026-09-27T10:20:00,風力,沃二風,294.8,45.9,15.572%, 
2026-09-27T02:30:41,2026-09-27T10:20:00,風力,沃四風(註10),-,113.7,-, 
2026-09-27T02:30:41,2026-09-27T10:20:00,風力,沃南風,337.1,48.3,14.329%, 
2026-09-27T02:30:41,2026-09-27T10:20:00,風力,芳一風,96.0,10.9,11.354%, 
2026-09-27T02:30:41,2026-09-27T10:20:00,風力,芳二風,499.2,59.1,11.839%, 
2026-09-27T02:30:41,2026-09-27T10:20:00,風力,允湖,320.0,11.5,3.594%, 
2026-09-27T02:30:41,2026-09-27T10:20:00,風力,允西,320.0,8.4,2.625%, 
2026-09-27T02:30:41,2026-09-27T10:20:00,風力,中能風,294.5,26.0,8.829%, 
2026-09-27T02:30:41,2026-09-27T10:20:00,風力,龍A風(註10),-,44.1,-, 
2026-09-27T02:30:41,2026-09-27T10:20:00,風力,龍B風(註10),-,28.0,-, 
2026-09-27T02:30:41,2026-09-27T10:20:00,風力,龍三風(註10),-,0.0,-,通訊異常
2026-09-27T02:30:41,2026-09-27T10:20:00,風力,小計(註5),4187.1(6.852%),796.1(2.751%),,
2026-09-27T03:01:24,2026-09-27T10:50:00,風力,觀園,30.0,9.3,31.000%, 
2026-09-27T03:01:24,2026-09-27T10:50:00,風力,台中港,35.0,2.8,8.000%, 
2026-09-27T03:01:24,2026-09-27T10:50:00,風力,王功,23.0,0.7,3.043%, 
2026-09-27T03:01:24,2026-09-27T10:50:00,風力,彰工,86.2,3.3,3.828%,部分檢修
2026-09-27T03:01:24,2026-09-27T10:50:00,風力,雲麥,46.0,1.3,2.826%, 
2026-09-27T03:01:24,2026-09-27T10:50:00,風力,四湖,28.0,0.7,2.500%, 
2026-09-27T03:01:24,2026-09-27T10:50:00,風力,其它台電自有,84.7,7.5,8.851%, 
2026-09-27T03:01:24,2026-09-27T10:50:00,風力,苗栗大鵬,42.0,10.5,25.000%, 
2026-09-27T03:01:24,2026-09-27T10:50:00,風力,鹿威彰濱,55.2,3.4,6.159%, 
2026-09-27T03:01:24,2026-09-27T10:50:00,風力,觀威觀音&桃威新屋,48.3,15.3,31.677%, 
2026-09-27T03:01:24,2026-09-27T10:50:00,風力,中威大安,75.9,12.4,16.337%, 
2026-09-27T03:01:24,2026-09-27T10:50:00,風力,創維風,49.2,2.6,5.285%, 
2026-09-27T03:01:24,2026-09-27T10:50:00,風力,新源崙背,25.2,2.2,8.730%, 
2026-09-27T03:01:24,2026-09-27T10:50:00,風力,彰品風(註10),-,0.0,-, 
2026-09-27T03:01:24,2026-09-27T10:50:00,風力,其它購電風力,178.4,17.9,10.034%, 
2026-09-27T03:01:24,2026-09-27T10:50:00,風力,離岸一期,109.2,6.2,5.678%, 
2026-09-27T03:01:24,2026-09-27T10:50:00,風力,離岸二期(註10),-,0.7,-, 
2026-09-27T03:01:24,2026-09-27T10:50:00,風力,海洋竹南,128.0,56.7,44.297%, 
2026-09-27T03:01:24,2026-09-27T10:50:00,風力,海能風,376.0,134.4,35.745%, 
2026-09-27T03:01:24,2026-09-27T10:50:00,風力,沃一風,605.2,152.6,25.216%, 
2026-09-27T03:01:24,2026-09-27T10:50:00,風力,沃二風,294.8,58.2,19.744%, 
2026-09-27T03:01:24,2026-09-27T10:50:00,風力,沃四風(註10),-,105.8,-, 
2026-09-27T03:01:24,2026-09-27T10:50:00,風力,沃南風,337.1,56.1,16.643%, 
2026-09-27T03:01:24,2026-09-27T10:50:00,風力,芳一風,96.0,8.1,8.458%, 
2026-09-27T03:01:24,2026-09-27T10:50:00,風力,芳二風,499.2,43.7,8.754%, 
2026-09-27T03:01:24,2026-09-27T10:50:00,風力,允湖,320.0,8.4,2.625%, 
2026-09-27T03:01:24,2026-09-27T10:50:00,風力,允西,320.0,9.8,3.063%, 
2026-09-27T03:01:24,2026-09-27T10:50:00,風力,中能風,294.5,34.6,11.749%, 
2026-09-27T03:01:24,2026-09-27T10:50:00,風力,龍A風(註10),-,46.4,-, 
2026-09-27T03:01:24,2026-09-27T10:50:00,風力,龍B風(註10),-,24.5,-, 
2026-09-27T03:01:24,2026-09-27T10:50:00,風力,龍三風(註10),-,0.0,-,通訊異常
2026-09-27T03:01:24,2026-09-27T10:50:00,風力,小計(註5),4187.1(6.852%),836.1(2.838%),,
2026-09-27T03:30:41,2026-09-27T11:20:00,風力,觀園,30.0,8.9,29.667%, 
2026-09-27T03:30:41,2026-09-27T11:20:00,風力,台中港,35.0,4.0,11.429%, 
2026-09-27T03:30:41,2026-09-27T11:20:00,風力,王功,23.0,1.1,4.783%, 
2026-09-27T03:30:41,2026-09-27T11:20:00,風力,彰工,86.2,3.8,4.408%,部分檢修
2026-09-27T03:30:41,2026-09-27T11:20:00,風力,雲麥,46.0,1.4,3.043%, 
2026-09-27T03:30:41,2026-09-27T11:20:00,風力,四湖,28.0,1.2,4.286%, 
2026-09-27T03:30:41,2026-09-27T11:20:00,風力,其它台電自有,84.7,7.4,8.733%, 
2026-09-27T03:30:41,2026-09-27T11:20:00,風力,苗栗大鵬,42.0,11.1,26.429%, 
2026-09-27T03:30:41,2026-09-27T11:20:00,風力,鹿威彰濱,55.2,4.2,7.609%, 
2026-09-27T03:30:41,2026-09-27T11:20:00,風力,觀威觀音&桃威新屋,48.3,14.8,30.642%, 
2026-09-27T03:30:41,2026-09-27T11:20:00,風力,中威大安,75.9,18.9,24.901%, 
2026-09-27T03:30:41,2026-09-27T11:20:00,風力,創維風,49.2,4.0,8.130%, 
2026-09-27T03:30:41,2026-09-27T11:20:00,風力,新源崙背,25.2,1.3,5.159%, 
2026-09-27T03:30:41,2026-09-27T11:20:00,風力,彰品風(註10),-,0.0,-, 
2026-09-27T03:30:41,2026-09-27T11:20:00,風力,其它購電風力,178.4,25.3,14.182%, 
2026-09-27T03:30:41,2026-09-27T11:20:00,風力,離岸一期,109.2,7.8,7.143%, 
2026-09-27T03:30:41,2026-09-27T11:20:00,風力,離岸二期(註10),-,0.9,-, 
2026-09-27T03:30:41,2026-09-27T11:20:00,風力,海洋竹南,128.0,69.5,54.297%, 
2026-09-27T03:30:41,2026-09-27T11:20:00,風力,海能風,376.0,136.1,36.197%, 
2026-09-27T03:30:41,2026-09-27T11:20:00,風力,沃一風,605.2,104.7,17.301%, 
2026-09-27T03:30:41,2026-09-27T11:20:00,風力,沃二風,294.8,40.6,13.774%, 
2026-09-27T03:30:41,2026-09-27T11:20:00,風力,沃四風(註10),-,79.6,-, 
2026-09-27T03:30:41,2026-09-27T11:20:00,風力,沃南風,337.1,46.6,13.825%, 
2026-09-27T03:30:41,2026-09-27T11:20:00,風力,芳一風,96.0,9.5,9.896%, 
2026-09-27T03:30:41,2026-09-27T11:20:00,風力,芳二風,499.2,52.1,10.437%, 
2026-09-27T03:30:41,2026-09-27T11:20:00,風力,允湖,320.0,13.2,4.125%, 
2026-09-27T03:30:41,2026-09-27T11:20:00,風力,允西,320.0,16.0,5.000%, 
2026-09-27T03:30:41,2026-09-27T11:20:00,風力,中能風,294.5,29.1,9.881%, 
2026-09-27T03:30:41,2026-09-27T11:20:00,風力,龍A風(註10),-,46.7,-, 
2026-09-27T03:30:41,2026-09-27T11:20:00,風力,龍B風(註10),-,23.1,-, 
2026-09-27T03:30:41,2026-09-27T11:20:00,風力,龍三風(註10),-,0.0,-,通訊異常
2026-09-27T03:30:41,2026-09-27T11:20:00,風力,小計(註5),4187.1(6.852%),782.9(2.604%),,
2026-09-27T04:00:51,2026-09-27T11:50:00,風力,觀園,30.0,10.0,33.333%, 
2026-09-27T04:00:51,2026-09-27T11:50:00,風力,台中港,35.0,4.5,12.857%, 
2026-09-27T04:00:51,2026-09-27T11:50:00,風力,王功,23.0,2.1,9.130%, 
2026-09-27T04:00:51,2026-09-27T11:50:00,風力,彰工,86.2,4.2,4.872%,部分檢修
2026-09-27T04:00:51,2026-09-27T11:50:00,風力,雲麥,46.0,2.1,4.565%, 
2026-09-27T04:00:51,2026-09-27T11:50:00,風力,四湖,28.0,1.1,3.929%, 
2026-09-27T04:00:51,2026-09-27T11:50:00,風力,其它台電自有,84.7,8.0,9.441%, 
2026-09-27T04:00:51,2026-09-27T11:50:00,風力,苗栗大鵬,42.0,9.5,22.619%, 
2026-09-27T04:00:51,2026-09-27T11:50:00,風力,鹿威彰濱,55.2,4.2,7.609%, 
2026-09-27T04:00:51,2026-09-27T11:50:00,風力,觀威觀音&桃威新屋,48.3,12.5,25.880%, 
2026-09-27T04:00:51,2026-09-27T11:50:00,風力,中威大安,75.9,18.2,23.979%, 
2026-09-27T04:00:51,2026-09-27T11:50:00,風力,創維風,49.2,4.1,8.333%, 
2026-09-27T04:00:51,2026-09-27T11:50:00,風力,新源崙背,25.2,1.4,5.556%, 
2026-09-27T04:00:51,2026-09-27T11:50:00,風力,彰品風(註10),-,0.0,-, 
2026-09-27T04:00:51,2026-09-27T11:50:00,風力,其它購電風力,178.4,25.3,14.182%, 
2026-09-27T04:00:51,2026-09-27T11:50:00,風力,離岸一期,109.2,8.1,7.418%, 
2026-09-27T04:00:51,2026-09-27T11:50:00,風力,離岸二期(註10),-,0.7,-, 
2026-09-27T04:00:51,2026-09-27T11:50:00,風力,海洋竹南,128.0,70.8,55.313%, 
2026-09-27T04:00:51,2026-09-27T11:50:00,風力,海能風,376.0,136.9,36.410%, 
2026-09-27T04:00:51,2026-09-27T11:50:00,風力,沃一風,605.2,75.6,12.492%, 
2026-09-27T04:00:51,2026-09-27T11:50:00,風力,沃二風,294.8,35.0,11.874%, 
2026-09-27T04:00:51,2026-09-27T11:50:00,風力,沃四風(註10),-,83.6,-, 
2026-09-27T04:00:51,2026-09-27T11:50:00,風力,沃南風,337.1,35.7,10.591%, 
2026-09-27T04:00:51,2026-09-27T11:50:00,風力,芳一風,96.0,10.9,11.354%, 
2026-09-27T04:00:51,2026-09-27T11:50:00,風力,芳二風,499.2,53.5,10.717%, 
2026-09-27T04:00:51,2026-09-27T11:50:00,風力,允湖,320.0,11.8,3.688%, 
2026-09-27T04:00:51,2026-09-27T11:50:00,風力,允西,320.0,9.2,2.875%, 
2026-09-27T04:00:51,2026-09-27T11:50:00,風力,中能風,294.5,28.9,9.813%, 
2026-09-27T04:00:51,2026-09-27T11:50:00,風力,龍A風(註10),-,33.6,-, 
2026-09-27T04:00:51,2026-09-27T11:50:00,風力,龍B風(註10),-,24.1,-, 
2026-09-27T04:00:51,2026-09-27T11:50:00,風力,龍三風(註10),-,0.0,-,通訊異常
2026-09-27T04:00:51,2026-09-27T11:50:00,風力,小計(註5),4187.1(6.852%),725.6(2.394%),,
2026-09-27T04:30:40,2026-09-27T12:20:00,風力,觀園,30.0,7.6,25.333%, 
2026-09-27T04:30:40,2026-09-27T12:20:00,風力,台中港,35.0,4.6,13.143%, 
2026-09-27T04:30:40,2026-09-27T12:20:00,風力,王功,23.0,2.6,11.304%, 
2026-09-27T04:30:40,2026-09-27T12:20:00,風力,彰工,86.2,3.8,4.408%,部分檢修
2026-09-27T04:30:40,2026-09-27T12:20:00,風力,雲麥,46.0,1.6,3.478%, 
2026-09-27T04:30:40,2026-09-27T12:20:00,風力,四湖,28.0,1.8,6.429%, 
2026-09-27T04:30:40,2026-09-27T12:20:00,風力,其它台電自有,84.7,7.6,8.969%, 
2026-09-27T04:30:40,2026-09-27T12:20:00,風力,苗栗大鵬,42.0,9.6,22.857%, 
2026-09-27T04:30:40,2026-09-27T12:20:00,風力,鹿威彰濱,55.2,4.2,7.609%, 
2026-09-27T04:30:40,2026-09-27T12:20:00,風力,觀威觀音&桃威新屋,48.3,13.1,27.122%, 
2026-09-27T04:30:40,2026-09-27T12:20:00,風力,中威大安,75.9,20.5,27.009%, 
2026-09-27T04:30:40,2026-09-27T12:20:00,風力,創維風,49.2,4.9,9.959%, 
2026-09-27T04:30:40,2026-09-27T12:20:00,風力,新源崙背,25.2,2.6,10.317%, 
2026-09-27T04:30:40,2026-09-27T12:20:00,風力,彰品風(註10),-,0.0,-, 
2026-09-27T04:30:40,2026-09-27T12:20:00,風力,其它購電風力,178.4,22.7,12.724%, 
2026-09-27T04:30:40,2026-09-27T12:20:00,風力,離岸一期,109.2,7.8,7.143%, 
2026-09-27T04:30:40,2026-09-27T12:20:00,風力,離岸二期(註10),-,0.7,-, 
2026-09-27T04:30:40,2026-09-27T12:20:00,風力,海洋竹南,128.0,69.9,54.609%, 
2026-09-27T04:30:40,2026-09-27T12:20:00,風力,海能風,376.0,134.0,35.638%, 
2026-09-27T04:30:40,2026-09-27T12:20:00,風力,沃一風,605.2,94.9,15.681%, 
2026-09-27T04:30:40,2026-09-27T12:20:00,風力,沃二風,294.8,34.7,11.772%, 
2026-09-27T04:30:40,2026-09-27T12:20:00,風力,沃四風(註10),-,84.3,-, 
2026-09-27T04:30:40,2026-09-27T12:20:00,風力,沃南風,337.1,27.2,8.069%, 
2026-09-27T04:30:40,2026-09-27T12:20:00,風力,芳一風,96.0,3.9,4.063%, 
2026-09-27T04:30:40,2026-09-27T12:20:00,風力,芳二風,499.2,37.8,7.572%, 
2026-09-27T04:30:40,2026-09-27T12:20:00,風力,允湖,320.0,19.0,5.938%, 
2026-09-27T04:30:40,2026-09-27T12:20:00,風力,允西,320.0,14.3,4.469%, 
2026-09-27T04:30:40,2026-09-27T12:20:00,風力,中能風,294.5,28.7,9.745%, 
2026-09-27T04:30:40,2026-09-27T12:20:00,風力,龍A風(註10),-,23.6,-, 
2026-09-27T04:30:40,2026-09-27T12:20:00,風力,龍B風(註10),-,13.5,-, 
2026-09-27T04:30:40,2026-09-27T12:20:00,風力,龍三風(註10),-,0.0,-,通訊異常
2026-09-27T04:30:40,2026-09-27T12:20:00,風力,小計(註5),4187.1(6.852%),701.5(2.291%),,
2026-09-27T05:00:46,2026-09-27T12:50:00,風力,觀園,30.0,8.9,29.667%, 
2026-09-27T05:00:46,2026-09-27T12:50:00,風力,台中港,35.0,5.9,16.857%, 
2026-09-27T05:00:46,2026-09-27T12:50:00,風力,王功,23.0,3.2,13.913%, 
2026-09-27T05:00:46,2026-09-27T12:50:00,風力,彰工,86.2,4.4,5.104%,部分檢修
2026-09-27T05:00:46,2026-09-27T12:50:00,風力,雲麥,46.0,2.1,4.565%, 
2026-09-27T05:00:46,2026-09-27T12:50:00,風力,四湖,28.0,1.6,5.714%, 
2026-09-27T05:00:46,2026-09-27T12:50:00,風力,其它台電自有,84.7,8.1,9.559%, 
2026-09-27T05:00:46,2026-09-27T12:50:00,風力,苗栗大鵬,42.0,8.5,20.238%, 
2026-09-27T05:00:46,2026-09-27T12:50:00,風力,鹿威彰濱,55.2,5.9,10.688%, 
2026-09-27T05:00:46,2026-09-27T12:50:00,風力,觀威觀音&桃威新屋,48.3,15.1,31.263%, 
2026-09-27T05:00:46,2026-09-27T12:50:00,風力,中威大安,75.9,21.2,27.931%, 
2026-09-27T05:00:46,2026-09-27T12:50:00,風力,創維風,49.2,5.4,10.976%, 
2026-09-27T05:00:46,2026-09-27T12:50:00,風力,新源崙背,25.2,2.2,8.730%, 
2026-09-27T05:00:46,2026-09-27T12:50:00,風力,彰品風(註10),-,0.0,-, 
2026-09-27T05:00:46,2026-09-27T12:50:00,風力,其它購電風力,178.4,22.7,12.724%, 
2026-09-27T05:00:46,2026-09-27T12:50:00,風力,離岸一期,109.2,5.0,4.579%, 
2026-09-27T05:00:46,2026-09-27T12:50:00,風力,離岸二期(註10),-,0.7,-, 
2026-09-27T05:00:46,2026-09-27T12:50:00,風力,海洋竹南,128.0,50.6,39.531%, 
2026-09-27T05:00:46,2026-09-27T12:50:00,風力,海能風,376.0,127.3,33.856%, 
2026-09-27T05:00:46,2026-09-27T12:50:00,風力,沃一風,605.2,89.3,14.756%, 
2026-09-27T05:00:46,2026-09-27T12:50:00,風力,沃二風,294.8,35.6,12.064%, 
2026-09-27T05:00:46,2026-09-27T12:50:00,風力,沃四風(註10),-,85.9,-, 
2026-09-27T05:00:46,2026-09-27T12:50:00,風力,沃南風,337.1,29.9,8.870%, 
2026-09-27T05:00:46,2026-09-27T12:50:00,風力,芳一風,96.0,6.7,6.979%, 
2026-09-27T05:00:46,2026-09-27T12:50:00,風力,芳二風,499.2,44.0,8.814%, 
2026-09-27T05:00:46,2026-09-27T12:50:00,風力,允湖,320.0,10.9,3.406%, 
2026-09-27T05:00:46,2026-09-27T12:50:00,風力,允西,320.0,16.5,5.156%, 
2026-09-27T05:00:46,2026-09-27T12:50:00,風力,中能風,294.5,25.4,8.625%, 
2026-09-27T05:00:46,2026-09-27T12:50:00,風力,龍A風(註10),-,24.5,-, 
2026-09-27T05:00:46,2026-09-27T12:50:00,風力,龍B風(註10),-,13.5,-, 
2026-09-27T05:00:46,2026-09-27T12:50:00,風力,龍三風(註10),-,0.0,-,通訊異常
2026-09-27T05:00:46,2026-09-27T12:50:00,風力,小計(註5),4187.1(6.852%),681.0(2.212%),,
2026-09-27T05:30:38,2026-09-27T13:20:00,風力,觀園,30.0,7.4,24.667%, 
2026-09-27T05:30:38,2026-09-27T13:20:00,風力,台中港,35.0,4.4,12.571%, 
2026-09-27T05:30:38,2026-09-27T13:20:00,風力,王功,23.0,2.8,12.174%, 
2026-09-27T05:30:38,2026-09-27T13:20:00,風力,彰工,86.2,4.8,5.568%,部分檢修
2026-09-27T05:30:38,2026-09-27T13:20:00,風力,雲麥,46.0,2.3,5.000%, 
2026-09-27T05:30:38,2026-09-27T13:20:00,風力,四湖,28.0,1.1,3.929%, 
2026-09-27T05:30:38,2026-09-27T13:20:00,風力,其它台電自有,84.7,8.8,10.385%, 
2026-09-27T05:30:38,2026-09-27T13:20:00,風力,苗栗大鵬,42.0,9.0,21.429%, 
2026-09-27T05:30:38,2026-09-27T13:20:00,風力,鹿威彰濱,55.2,4.5,8.152%, 
2026-09-27T05:30:38,2026-09-27T13:20:00,風力,觀威觀音&桃威新屋,48.3,12.5,25.880%, 
2026-09-27T05:30:38,2026-09-27T13:20:00,風力,中威大安,75.9,16.0,21.080%, 
2026-09-27T05:30:38,2026-09-27T13:20:00,風力,創維風,49.2,5.3,10.772%, 
2026-09-27T05:30:38,2026-09-27T13:20:00,風力,新源崙背,25.2,3.0,11.905%, 
2026-09-27T05:30:38,2026-09-27T13:20:00,風力,彰品風(註10),-,0.0,-, 
2026-09-27T05:30:38,2026-09-27T13:20:00,風力,其它購電風力,178.4,20.7,11.603%, 
2026-09-27T05:30:38,2026-09-27T13:20:00,風力,離岸一期,109.2,3.6,3.333%, 
2026-09-27T05:30:38,2026-09-27T13:20:00,風力,離岸二期(註10),-,0.7,-, 
2026-09-27T05:30:38,2026-09-27T13:20:00,風力,海洋竹南,128.0,47.7,37.266%, 
2026-09-27T05:30:38,2026-09-27T13:20:00,風力,海能風,376.0,136.3,36.250%, 
2026-09-27T05:30:38,2026-09-27T13:20:00,風力,沃一風,605.2,90.7,14.987%, 
2026-09-27T05:30:38,2026-09-27T13:20:00,風力,沃二風,294.8,38.1,12.925%, 
2026-09-27T05:30:38,2026-09-27T13:20:00,風力,沃四風(註10),-,95.1,-, 
2026-09-27T05:30:38,2026-09-27T13:20:00,風力,沃南風,337.1,35.1,10.413%, 
2026-09-27T05:30:38,2026-09-27T13:20:00,風力,芳一風,96.0,5.3,5.521%, 
2026-09-27T05:30:38,2026-09-27T13:20:00,風力,芳二風,499.2,38.4,7.692%, 
2026-09-27T05:30:38,2026-09-27T13:20:00,風力,允湖,320.0,10.6,3.313%, 
2026-09-27T05:30:38,2026-09-27T13:20:00,風力,允西,320.0,16.0,5.000%, 
2026-09-27T05:30:38,2026-09-27T13:20:00,風力,中能風,294.5,26.8,9.100%, 
2026-09-27T05:30:38,2026-09-27T13:20:00,風力,龍A風(註10),-,26.6,-, 
2026-09-27T05:30:38,2026-09-27T13:20:00,風力,龍B風(註10),-,16.8,-, 
2026-09-27T05:30:38,2026-09-27T13:20:00,風力,龍三風(註10),-,0.0,-,通訊異常
2026-09-27T05:30:38,2026-09-27T13:20:00,風力,小計(註5),4187.1(6.852%),690.4(2.224%),,
2026-09-27T06:00:45,2026-09-27T13:50:00,風力,觀園,30.0,5.8,19.333%, 
2026-09-27T06:00:45,2026-09-27T13:50:00,風力,台中港,35.0,3.8,10.857%, 
2026-09-27T06:00:45,2026-09-27T13:50:00,風力,王功,23.0,2.1,9.130%, 
2026-09-27T06:00:45,2026-09-27T13:50:00,風力,彰工,86.2,5.4,6.265%,部分檢修
2026-09-27T06:00:45,2026-09-27T13:50:00,風力,雲麥,46.0,1.4,3.043%, 
2026-09-27T06:00:45,2026-09-27T13:50:00,風力,四湖,28.0,1.2,4.286%, 
2026-09-27T06:00:45,2026-09-27T13:50:00,風力,其它台電自有,84.7,8.7,10.267%, 
2026-09-27T06:00:45,2026-09-27T13:50:00,風力,苗栗大鵬,42.0,6.8,16.190%, 
2026-09-27T06:00:45,2026-09-27T13:50:00,風力,鹿威彰濱,55.2,6.4,11.594%, 
2026-09-27T06:00:45,2026-09-27T13:50:00,風力,觀威觀音&桃威新屋,48.3,11.8,24.431%, 
2026-09-27T06:00:45,2026-09-27T13:50:00,風力,中威大安,75.9,13.0,17.128%, 
2026-09-27T06:00:45,2026-09-27T13:50:00,風力,創維風,49.2,3.7,7.520%, 
2026-09-27T06:00:45,2026-09-27T13:50:00,風力,新源崙背,25.2,3.1,12.302%, 
2026-09-27T06:00:45,2026-09-27T13:50:00,風力,彰品風(註10),-,0.0,-, 
2026-09-27T06:00:45,2026-09-27T13:50:00,風力,其它購電風力,178.4,17.2,9.641%, 
2026-09-27T06:00:45,2026-09-27T13:50:00,風力,離岸一期,109.2,3.6,3.333%, 
2026-09-27T06:00:45,2026-09-27T13:50:00,風力,離岸二期(註10),-,0.5,-, 
2026-09-27T06:00:45,2026-09-27T13:50:00,風力,海洋竹南,128.0,39.5,30.859%, 
2026-09-27T06:00:45,2026-09-27T13:50:00,風力,海能風,376.0,120.5,32.048%, 
2026-09-27T06:00:45,2026-09-27T13:50:00,風力,沃一風,605.2,67.2,11.104%, 
2026-09-27T06:00:45,2026-09-27T13:50:00,風力,沃二風,294.8,42.0,14.248%, 
2026-09-27T06:00:45,2026-09-27T13:50:00,風力,沃四風(註10),-,80.7,-, 
2026-09-27T06:00:45,2026-09-27T13:50:00,風力,沃南風,337.1,44.3,13.142%, 
2026-09-27T06:00:45,2026-09-27T13:50:00,風力,芳一風,96.0,5.3,5.521%, 
2026-09-27T06:00:45,2026-09-27T13:50:00,風力,芳二風,499.2,35.6,7.131%, 
2026-09-27T06:00:45,2026-09-27T13:50:00,風力,允湖,320.0,10.6,3.313%, 
2026-09-27T06:00:45,2026-09-27T13:50:00,風力,允西,320.0,13.7,4.281%, 
2026-09-27T06:00:45,2026-09-27T13:50:00,風力,中能風,294.5,17.7,6.010%, 
2026-09-27T06:00:45,2026-09-27T13:50:00,風力,龍A風(註10),-,29.6,-, 
2026-09-27T06:00:45,2026-09-27T13:50:00,風力,龍B風(註10),-,18.0,-, 
2026-09-27T06:00:45,2026-09-27T13:50:00,風力,龍三風(註10),-,0.0,-,通訊異常
2026-09-27T06:00:45,2026-09-27T13:50:00,風力,小計(註5),4187.1(6.852%),619.2(1.984%),,
2026-09-27T06:30:42,2026-09-27T14:20:00,風力,觀園,30.0,5.3,17.667%, 
2026-09-27T06:30:42,2026-09-27T14:20:00,風力,台中港,35.0,3.6,10.286%, 
2026-09-27T06:30:42,2026-09-27T14:20:00,風力,王功,23.0,2.3,10.000%, 
2026-09-27T06:30:42,2026-09-27T14:20:00,風力,彰工,86.2,5.2,6.032%,部分檢修
2026-09-27T06:30:42,2026-09-27T14:20:00,風力,雲麥,46.0,0.8,1.739%, 
2026-09-27T06:30:42,2026-09-27T14:20:00,風力,四湖,28.0,1.0,3.571%, 
2026-09-27T06:30:42,2026-09-27T14:20:00,風力,其它台電自有,84.7,9.0,10.621%, 
2026-09-27T06:30:42,2026-09-27T14:20:00,風力,苗栗大鵬,42.0,6.3,15.000%, 
2026-09-27T06:30:42,2026-09-27T14:20:00,風力,鹿威彰濱,55.2,5.9,10.688%, 
2026-09-27T06:30:42,2026-09-27T14:20:00,風力,觀威觀音&桃威新屋,48.3,11.8,24.431%, 
2026-09-27T06:30:42,2026-09-27T14:20:00,風力,中威大安,75.9,14.6,19.236%, 
2026-09-27T06:30:42,2026-09-27T14:20:00,風力,創維風,49.2,3.0,6.098%, 
2026-09-27T06:30:42,2026-09-27T14:20:00,風力,新源崙背,25.2,1.2,4.762%, 
2026-09-27T06:30:42,2026-09-27T14:20:00,風力,彰品風(註10),-,0.0,-, 
2026-09-27T06:30:42,2026-09-27T14:20:00,風力,其它購電風力,178.4,18.7,10.482%, 
2026-09-27T06:30:42,2026-09-27T14:20:00,風力,離岸一期,109.2,2.2,2.015%, 
2026-09-27T06:30:42,2026-09-27T14:20:00,風力,離岸二期(註10),-,0.9,-, 
2026-09-27T06:30:42,2026-09-27T14:20:00,風力,海洋竹南,128.0,39.3,30.703%, 
2026-09-27T06:30:42,2026-09-27T14:20:00,風力,海能風,376.0,123.3,32.793%, 
2026-09-27T06:30:42,2026-09-27T14:20:00,風力,沃一風,605.2,61.9,10.228%, 
2026-09-27T06:30:42,2026-09-27T14:20:00,風力,沃二風,294.8,35.0,11.874%, 
2026-09-27T06:30:42,2026-09-27T14:20:00,風力,沃四風(註10),-,60.6,-, 
2026-09-27T06:30:42,2026-09-27T14:20:00,風力,沃南風,337.1,43.6,12.935%, 
2026-09-27T06:30:42,2026-09-27T14:20:00,風力,芳一風,96.0,3.9,4.083%, 
2026-09-27T06:30:42,2026-09-27T14:20:00,風力,芳二風,499.2,28.6,5.729%, 
2026-09-27T06:30:42,2026-09-27T14:20:00,風力,允湖,320.0,8.1,2.531%, 
2026-09-27T06:30:42,2026-09-27T14:20:00,風力,允西,320.0,11.2,3.500%, 
2026-09-27T06:30:42,2026-09-27T14:20:00,風力,中能風,294.5,14.9,5.059%, 
2026-09-27T06:30:42,2026-09-27T14:20:00,風力,龍A風(註10),-,22.4,-, 
2026-09-27T06:30:42,2026-09-27T14:20:00,風力,龍B風(註10),-,12.8,-, 
2026-09-27T06:30:42,2026-09-27T14:20:00,風力,龍三風(註10),-,0.0,-,通訊異常
2026-09-27T06:30:42,2026-09-27T14:20:00,風力,小計(註5),4187.1(6.852%),557.4(1.792%),,
2026-09-27T07:01:23,2026-09-27T14:50:00,風力,觀園,30.0,6.0,20.000%, 
2026-09-27T07:01:23,2026-09-27T14:50:00,風力,台中港,35.0,3.9,11.143%, 
2026-09-27T07:01:23,2026-09-27T14:50:00,風力,王功,23.0,1.8,7.826%, 
2026-09-27T07:01:23,2026-09-27T14:50:00,風力,彰工,86.2,4.1,4.756%,部分檢修
2026-09-27T07:01:23,2026-09-27T14:50:00,風力,雲麥,46.0,1.1,2.391%, 
2026-09-27T07:01:23,2026-09-27T14:50:00,風力,四湖,28.0,0.8,2.857%, 
2026-09-27T07:01:23,2026-09-27T14:50:00,風力,其它台電自有,84.7,10.5,12.391%, 
2026-09-27T07:01:23,2026-09-27T14:50:00,風力,苗栗大鵬,42.0,5.6,13.333%, 
2026-09-27T07:01:23,2026-09-27T14:50:00,風力,鹿威彰濱,55.2,5.0,9.058%, 
2026-09-27T07:01:23,2026-09-27T14:50:00,風力,觀威觀音&桃威新屋,48.3,10.9,22.567%, 
2026-09-27T07:01:23,2026-09-27T14:50:00,風力,中威大安,75.9,14.9,19.631%, 
2026-09-27T07:01:23,2026-09-27T14:50:00,風力,創維風,49.2,4.0,8.130%, 
2026-09-27T07:01:23,2026-09-27T14:50:00,風力,新源崙背,25.2,1.3,5.159%, 
2026-09-27T07:01:23,2026-09-27T14:50:00,風力,彰品風(註10),-,0.0,-, 
2026-09-27T07:01:23,2026-09-27T14:50:00,風力,其它購電風力,178.4,17.1,9.585%, 
2026-09-27T07:01:23,2026-09-27T14:50:00,風力,離岸一期,109.2,2.2,2.051%, 
2026-09-27T07:01:23,2026-09-27T14:50:00,風力,離岸二期(註10),-,0.7,-, 
2026-09-27T07:01:23,2026-09-27T14:50:00,風力,海洋竹南,128.0,37.8,29.531%, 
2026-09-27T07:01:23,2026-09-27T14:50:00,風力,海能風,376.0,103.7,27.580%, 
2026-09-27T07:01:23,2026-09-27T14:50:00,風力,沃一風,605.2,78.1,12.905%, 
2026-09-27T07:01:23,2026-09-27T14:50:00,風力,沃二風,294.8,36.4,12.349%, 
2026-09-27T07:01:23,2026-09-27T14:50:00,風力,沃四風(註10),-,76.4,-, 
2026-09-27T07:01:23,2026-09-27T14:50:00,風力,沃南風,337.1,39.3,11.659%, 
2026-09-27T07:01:23,2026-09-27T14:50:00,風力,芳一風,96.0,3.9,4.063%, 
2026-09-27T07:01:23,2026-09-27T14:50:00,風力,芳二風,499.2,27.4,5.489%, 
2026-09-27T07:01:23,2026-09-27T14:50:00,風力,允湖,320.0,9.0,2.812%, 
2026-09-27T07:01:23,2026-09-27T14:50:00,風力,允西,320.0,8.7,2.719%, 
2026-09-27T07:01:23,2026-09-27T14:50:00,風力,中能風,294.5,16.9,5.739%, 
2026-09-27T07:01:23,2026-09-27T14:50:00,風力,龍A風(註10),-,21.7,-, 
2026-09-27T07:01:23,2026-09-27T14:50:00,風力,龍B風(註10),-,11.2,-, 
2026-09-27T07:01:23,2026-09-27T14:50:00,風力,龍三風(註10),-,0.0,-,通訊異常
2026-09-27T07:01:23,2026-09-27T14:50:00,風力,小計(註5),4187.1(6.852%),560.4(1.785%),,
2026-09-27T07:30:40,2026-09-27T15:20:00,風力,觀園,30.0,2.9,9.667%, 
2026-09-27T07:30:40,2026-09-27T15:20:00,風力,台中港,35.0,3.6,10.157%, 
2026-09-27T07:30:40,2026-09-27T15:20:00,風力,王功,23.0,2.6,11.304%, 
2026-09-27T07:30:40,2026-09-27T15:20:00,風力,彰工,86.2,5.0,5.800%,部分檢修
2026-09-27T07:30:40,2026-09-27T15:20:00,風力,雲麥,46.0,1.4,3.043%, 
2026-09-27T07:30:40,2026-09-27T15:20:00,風力,四湖,28.0,0.8,2.857%, 
2026-09-27T07:30:40,2026-09-27T15:20:00,風力,其它台電自有,84.7,12.0,14.161%, 
2026-09-27T07:30:40,2026-09-27T15:20:00,風力,苗栗大鵬,42.0,5.6,13.333%, 
2026-09-27T07:30:40,2026-09-27T15:20:00,風力,鹿威彰濱,55.2,6.4,11.594%, 
2026-09-27T07:30:40,2026-09-27T15:20:00,風力,觀威觀音&桃威新屋,48.3,6.5,13.458%, 
2026-09-27T07:30:40,2026-09-27T15:20:00,風力,中威大安,75.9,14.0,18.445%, 
2026-09-27T07:30:40,2026-09-27T15:20:00,風力,創維風,49.2,3.1,6.301%, 
2026-09-27T07:30:40,2026-09-27T15:20:00,風力,新源崙背,25.2,2.0,7.937%, 
2026-09-27T07:30:40,2026-09-27T15:20:00,風力,彰品風(註10),-,0.0,-, 
2026-09-27T07:30:40,2026-09-27T15:20:00,風力,其它購電風力,178.4,18.7,10.482%, 
2026-09-27T07:30:40,2026-09-27T15:20:00,風力,離岸一期,109.2,5.0,4.615%, 
2026-09-27T07:30:40,2026-09-27T15:20:00,風力,離岸二期(註10),-,0.9,-, 
2026-09-27T07:30:40,2026-09-27T15:20:00,風力,海洋竹南,128.0,42.4,33.125%, 
2026-09-27T07:30:40,2026-09-27T15:20:00,風力,海能風,376.0,97.6,25.957%, 
2026-09-27T07:30:40,2026-09-27T15:20:00,風力,沃一風,605.2,71.4,11.798%, 
2026-09-27T07:30:40,2026-09-27T15:20:00,風力,沃二風,294.8,38.9,13.197%, 
2026-09-27T07:30:40,2026-09-27T15:20:00,風力,沃四風(註10),-,71.7,-, 
2026-09-27T07:30:40,2026-09-27T15:20:00,風力,沃南風,337.1,39.5,11.718%, 
2026-09-27T07:30:40,2026-09-27T15:20:00,風力,芳一風,96.0,5.3,5.521%, 
2026-09-27T07:30:40,2026-09-27T15:20:00,風力,芳二風,499.2,30.2,6.050%, 
2026-09-27T07:30:40,2026-09-27T15:20:00,風力,允湖,320.0,5.6,1.750%, 
2026-09-27T07:30:40,2026-09-27T15:20:00,風力,允西,320.0,6.7,2.094%, 
2026-09-27T07:30:40,2026-09-27T15:20:00,風力,中能風,294.5,16.8,5.705%, 
2026-09-27T07:30:40,2026-09-27T15:20:00,風力,龍A風(註10),-,25.9,-, 
2026-09-27T07:30:40,2026-09-27T15:20:00,風力,龍B風(註10),-,14.7,-, 
2026-09-27T07:30:40,2026-09-27T15:20:00,風力,龍三風(註10),-,0.0,-,通訊異常
2026-09-27T07:30:40,2026-09-27T15:20:00,風力,小計(註5),4187.1(6.852%),557.2(1.768%),,
2026-09-27T08:00:47,2026-09-27T15:50:00,風力,觀園,30.0,3.4,11.333%, 
2026-09-27T08:00:47,2026-09-27T15:50:00,風力,台中港,35.0,3.2,9.143%, 
2026-09-27T08:00:47,2026-09-27T15:50:00,風力,王功,23.0,2.6,11.304%, 
2026-09-27T08:00:47,2026-09-27T15:50:00,風力,彰工,86.2,4.4,5.104%,部分檢修
2026-09-27T08:00:47,2026-09-27T15:50:00,風力,雲麥,46.0,1.0,2.174%, 
2026-09-27T08:00:47,2026-09-27T15:50:00,風力,四湖,28.0,1.4,5.000%, 
2026-09-27T08:00:47,2026-09-27T15:50:00,風力,其它台電自有,84.7,13.3,15.695%, 
2026-09-27T08:00:47,2026-09-27T15:50:00,風力,苗栗大鵬,42.0,4.9,11.667%, 
2026-09-27T08:00:47,2026-09-27T15:50:00,風力,鹿威彰濱,55.2,4.2,7.609%, 
2026-09-27T08:00:47,2026-09-27T15:50:00,風力,觀威觀音&桃威新屋,48.3,7.3,15.114%, 
2026-09-27T08:00:47,2026-09-27T15:50:00,風力,中威大安,75.9,13.5,17.787%, 
2026-09-27T08:00:47,2026-09-27T15:50:00,風力,創維風,49.2,3.1,6.301%, 
2026-09-27T08:00:47,2026-09-27T15:50:00,風力,新源崙背,25.2,2.0,7.937%, 
2026-09-27T08:00:47,2026-09-27T15:50:00,風力,彰品風(註10),-,0.0,-, 
2026-09-27T08:00:47,2026-09-27T15:50:00,風力,其它購電風力,178.4,15.8,8.857%, 
2026-09-27T08:00:47,2026-09-27T15:50:00,風力,離岸一期,109.2,3.6,3.333%, 
2026-09-27T08:00:47,2026-09-27T15:50:00,風力,離岸二期(註10),-,0.9,-, 
2026-09-27T08:00:47,2026-09-27T15:50:00,風力,海洋竹南,128.0,41.6,32.500%, 
2026-09-27T08:00:47,2026-09-27T15:50:00,風力,海能風,376.0,99.1,26.356%, 
2026-09-27T08:00:47,2026-09-27T15:50:00,風力,沃一風,605.2,73.4,12.129%, 
2026-09-27T08:00:47,2026-09-27T15:50:00,風力,沃二風,294.8,30.2,10.259%, 
2026-09-27T08:00:47,2026-09-27T15:50:00,風力,沃四風(註10),-,62.7,-, 
2026-09-27T08:00:47,2026-09-27T15:50:00,風力,沃南風,337.1,34.1,10.116%, 
2026-09-27T08:00:47,2026-09-27T15:50:00,風力,芳一風,96.0,6.7,6.979%, 
2026-09-27T08:00:47,2026-09-27T15:50:00,風力,芳二風,499.2,34.4,6.891%, 
2026-09-27T08:00:47,2026-09-27T15:50:00,風力,允湖,320.0,4.8,1.500%, 
2026-09-27T08:00:47,2026-09-27T15:50:00,風力,允西,320.0,12.3,3.844%, 
2026-09-27T08:00:47,2026-09-27T15:50:00,風力,中能風,294.5,18.4,6.248%, 
2026-09-27T08:00:47,2026-09-27T15:50:00,風力,龍A風(註10),-,23.8,-, 
2026-09-27T08:00:47,2026-09-27T15:50:00,風力,龍B風(註10),-,11.0,-, 
2026-09-27T08:00:47,2026-09-27T15:50:00,風力,龍三風(註10),-,0.0,-,通訊異常
2026-09-27T08:00:47,2026-09-27T15:50:00,風力,小計(註5),4187.1(6.852%),537.2(1.694%),,
2026-09-27T08:30:42,2026-09-27T16:20:00,風力,觀園,30.0,2.3,7.667%, 
2026-09-27T08:30:42,2026-09-27T16:20:00,風力,台中港,35.0,2.7,7.714%, 
2026-09-27T08:30:42,2026-09-27T16:20:00,風力,王功,23.0,2.3,10.000%, 
2026-09-27T08:30:42,2026-09-27T16:20:00,風力,彰工,86.2,3.9,4.524%,部分檢修
2026-09-27T08:30:42,2026-09-27T16:20:00,風力,雲麥,46.0,1.2,2.609%, 
2026-09-27T08:30:42,2026-09-27T16:20:00,風力,四湖,28.0,1.2,4.286%, 
2026-09-27T08:30:42,2026-09-27T16:20:00,風力,其它台電自有,84.7,14.3,16.875%, 
2026-09-27T08:30:42,2026-09-27T16:20:00,風力,苗栗大鵬,42.0,4.3,10.238%, 
2026-09-27T08:30:42,2026-09-27T16:20:00,風力,鹿威彰濱,55.2,3.6,6.522%, 
2026-09-27T08:30:42,2026-09-27T16:20:00,風力,觀威觀音&桃威新屋,48.3,4.3,8.903%, 
2026-09-27T08:30:42,2026-09-27T16:20:00,風力,中威大安,75.9,11.4,15.020%, 
2026-09-27T08:30:42,2026-09-27T16:20:00,風力,創維風,49.2,3.4,6.911%, 
2026-09-27T08:30:42,2026-09-27T16:20:00,風力,新源崙背,25.2,1.9,7.540%, 
2026-09-27T08:30:42,2026-09-27T16:20:00,風力,彰品風(註10),-,0.0,-, 
2026-09-27T08:30:42,2026-09-27T16:20:00,風力,其它購電風力,178.4,14.8,8.296%, 
2026-09-27T08:30:42,2026-09-27T16:20:00,風力,離岸一期,109.2,7.8,7.143%, 
2026-09-27T08:30:42,2026-09-27T16:20:00,風力,離岸二期(註10),-,0.9,-, 
2026-09-27T08:30:42,2026-09-27T16:20:00,風力,海洋竹南,128.0,35.1,27.422%, 
2026-09-27T08:30:42,2026-09-27T16:20:00,風力,海能風,376.0,91.1,24.229%, 
2026-09-27T08:30:42,2026-09-27T16:20:00,風力,沃一風,605.2,65.8,10.873%, 
2026-09-27T08:30:42,2026-09-27T16:20:00,風力,沃二風,294.8,31.1,10.551%, 
2026-09-27T08:30:42,2026-09-27T16:20:00,風力,沃四風(註10),-,66.2,-, 
2026-09-27T08:30:42,2026-09-27T16:20:00,風力,沃南風,337.1,28.8,8.544%, 
2026-09-27T08:30:42,2026-09-27T16:20:00,風力,芳一風,96.0,5.3,5.521%, 
2026-09-27T08:30:42,2026-09-27T16:20:00,風力,芳二風,499.2,38.6,7.732%, 
2026-09-27T08:30:42,2026-09-27T16:20:00,風力,允湖,320.0,14.3,4.469%, 
2026-09-27T08:30:42,2026-09-27T16:20:00,風力,允西,320.0,15.4,4.812%, 
2026-09-27T08:30:42,2026-09-27T16:20:00,風力,中能風,294.5,22.7,7.708%, 
2026-09-27T08:30:42,2026-09-27T16:20:00,風力,龍A風(註10),-,22.9,-, 
2026-09-27T08:30:42,2026-09-27T16:20:00,風力,龍B風(註10),-,12.3,-, 
2026-09-27T08:30:42,2026-09-27T16:20:00,風力,龍三風(註10),-,0.0,-,通訊異常
2026-09-27T08:30:42,2026-09-27T16:20:00,風力,小計(註5),4187.1(6.852%),529.9(1.685%),,
2026-09-27T09:00:45,2026-09-27T16:50:00,風力,觀園,30.0,2.3,7.667%, 
2026-09-27T09:00:45,2026-09-27T16:50:00,風力,台中港,35.0,2.2,6.300%, 
2026-09-27T09:00:45,2026-09-27T16:50:00,風力,王功,23.0,2.4,10.435%, 
2026-09-27T09:00:45,2026-09-27T16:50:00,風力,彰工,86.2,3.1,3.596%,部分檢修
2026-09-27T09:00:45,2026-09-27T16:50:00,風力,雲麥,46.0,0.6,1.304%, 
2026-09-27T09:00:45,2026-09-27T16:50:00,風力,四湖,28.0,1.1,3.929%, 
2026-09-27T09:00:45,2026-09-27T16:50:00,風力,其它台電自有,84.7,18.0,21.241%, 
2026-09-27T09:00:45,2026-09-27T16:50:00,風力,苗栗大鵬,42.0,4.4,10.476%, 
2026-09-27T09:00:45,2026-09-27T16:50:00,風力,鹿威彰濱,55.2,3.1,5.616%, 
2026-09-27T09:00:45,2026-09-27T16:50:00,風力,觀威觀音&桃威新屋,48.3,2.6,5.383%, 
2026-09-27T09:00:45,2026-09-27T16:50:00,風力,中威大安,75.9,9.8,12.912%, 
2026-09-27T09:00:45,2026-09-27T16:50:00,風力,創維風,49.2,2.7,5.488%, 
2026-09-27T09:00:45,2026-09-27T16:50:00,風力,新源崙背,25.2,2.0,7.937%, 
2026-09-27T09:00:45,2026-09-27T16:50:00,風力,彰品風(註10),-,0.0,-, 
2026-09-27T09:00:45,2026-09-27T16:50:00,風力,其它購電風力,178.4,11.0,6.166%, 
2026-09-27T09:00:45,2026-09-27T16:50:00,風力,離岸一期,109.2,6.4,5.897%, 
2026-09-27T09:00:45,2026-09-27T16:50:00,風力,離岸二期(註10),-,1.0,-, 
2026-09-27T09:00:45,2026-09-27T16:50:00,風力,海洋竹南,128.0,29.6,23.125%, 
2026-09-27T09:00:45,2026-09-27T16:50:00,風力,海能風,376.0,88.4,23.511%, 
2026-09-27T09:00:45,2026-09-27T16:50:00,風力,沃一風,605.2,39.2,6.477%, 
2026-09-27T09:00:45,2026-09-27T16:50:00,風力,沃二風,294.8,23.8,8.074%, 
2026-09-27T09:00:45,2026-09-27T16:50:00,風力,沃四風(註10),-,50.1,-, 
2026-09-27T09:00:45,2026-09-27T16:50:00,風力,沃南風,337.1,26.5,7.862%, 
2026-09-27T09:00:45,2026-09-27T16:50:00,風力,芳一風,96.0,6.7,6.979%, 
2026-09-27T09:00:45,2026-09-27T16:50:00,風力,芳二風,499.2,35.8,7.171%, 
2026-09-27T09:00:45,2026-09-27T16:50:00,風力,允湖,320.0,23.2,7.250%, 
2026-09-27T09:00:45,2026-09-27T16:50:00,風力,允西,320.0,29.4,9.187%, 
2026-09-27T09:00:45,2026-09-27T16:50:00,風力,中能風,294.5,33.8,11.477%, 
2026-09-27T09:00:45,2026-09-27T16:50:00,風力,龍A風(註10),-,25.5,-, 
2026-09-27T09:00:45,2026-09-27T16:50:00,風力,龍B風(註10),-,17.7,-, 
2026-09-27T09:00:45,2026-09-27T16:50:00,風力,龍三風(註10),-,0.0,-,通訊異常
2026-09-27T09:00:45,2026-09-27T16:50:00,風力,小計(註5),4187.1(6.852%),502.4(1.617%),,
2026-09-27T09:30:38,2026-09-27T17:20:00,風力,觀園,30.0,4.3,14.333%, 
2026-09-27T09:30:38,2026-09-27T17:20:00,風力,台中港,35.0,1.6,4.629%, 
2026-09-27T09:30:38,2026-09-27T17:20:00,風力,王功,23.0,2.3,10.000%, 
2026-09-27T09:30:38,2026-09-27T17:20:00,風力,彰工,86.2,2.1,2.436%,部分檢修
2026-09-27T09:30:38,2026-09-27T17:20:00,風力,雲麥,46.0,1.2,2.609%, 
2026-09-27T09:30:38,2026-09-27T17:20:00,風力,四湖,28.0,1.0,3.571%, 
2026-09-27T09:30:38,2026-09-27T17:20:00,風力,其它台電自有,84.7,20.2,23.838%, 
2026-09-27T09:30:38,2026-09-27T17:20:00,風力,苗栗大鵬,42.0,5.0,11.905%, 
2026-09-27T09:30:38,2026-09-27T17:20:00,風力,鹿威彰濱,55.2,2.0,3.623%, 
2026-09-27T09:30:38,2026-09-27T17:20:00,風力,觀威觀音&桃威新屋,48.3,3.1,6.418%, 
2026-09-27T09:30:38,2026-09-27T17:20:00,風力,中威大安,75.9,6.5,8.564%, 
2026-09-27T09:30:38,2026-09-27T17:20:00,風力,創維風,49.2,2.9,5.894%, 
2026-09-27T09:30:38,2026-09-27T17:20:00,風力,新源崙背,25.2,1.8,7.143%, 
2026-09-27T09:30:38,2026-09-27T17:20:00,風力,彰品風(註10),-,0.0,-, 
2026-09-27T09:30:38,2026-09-27T17:20:00,風力,其它購電風力,178.4,7.6,4.260%, 
2026-09-27T09:30:38,2026-09-27T17:20:00,風力,離岸一期,109.2,6.4,5.897%, 
2026-09-27T09:30:38,2026-09-27T17:20:00,風力,離岸二期(註10),-,0.7,-, 
2026-09-27T09:30:38,2026-09-27T17:20:00,風力,海洋竹南,128.0,29.8,23.281%, 
2026-09-27T09:30:38,2026-09-27T17:20:00,風力,海能風,376.0,85.9,22.846%, 
2026-09-27T09:30:38,2026-09-27T17:20:00,風力,沃一風,605.2,30.8,5.089%, 
2026-09-27T09:30:38,2026-09-27T17:20:00,風力,沃二風,294.8,19.9,6.751%, 
2026-09-27T09:30:38,2026-09-27T17:20:00,風力,沃四風(註10),-,46.4,-, 
2026-09-27T09:30:38,2026-09-27T17:20:00,風力,沃南風,337.1,21.2,6.289%, 
2026-09-27T09:30:38,2026-09-27T17:20:00,風力,芳一風,96.0,5.3,5.521%, 
2026-09-27T09:30:38,2026-09-27T17:20:00,風力,芳二風,499.2,38.6,7.732%, 
2026-09-27T09:30:38,2026-09-27T17:20:00,風力,允湖,320.0,32.8,10.250%, 
2026-09-27T09:30:38,2026-09-27T17:20:00,風力,允西,320.0,30.5,9.531%, 
2026-09-27T09:30:38,2026-09-27T17:20:00,風力,中能風,294.5,30.7,10.424%, 
2026-09-27T09:30:38,2026-09-27T17:20:00,風力,龍A風(註10),-,20.1,-, 
2026-09-27T09:30:38,2026-09-27T17:20:00,風力,龍B風(註10),-,12.1,-, 
2026-09-27T09:30:38,2026-09-27T17:20:00,風力,龍三風(註10),-,0.0,-,通訊異常
2026-09-27T09:30:38,2026-09-27T17:20:00,風力,小計(註5),4187.1(6.852%),472.9(1.504%),,
2026-09-27T10:00:45,2026-09-27T17:50:00,風力,觀園,30.0,2.2,7.333%, 
2026-09-27T10:00:45,2026-09-27T17:50:00,風力,台中港,35.0,1.2,3.471%, 
2026-09-27T10:00:45,2026-09-27T17:50:00,風力,王功,23.0,1.5,6.522%, 
2026-09-27T10:00:45,2026-09-27T17:50:00,風力,彰工,86.2,1.7,1.972%,部分檢修
2026-09-27T10:00:45,2026-09-27T17:50:00,風力,雲麥,46.0,0.9,1.957%, 
2026-09-27T10:00:45,2026-09-27T17:50:00,風力,四湖,28.0,0.9,3.214%, 
2026-09-27T10:00:45,2026-09-27T17:50:00,風力,其它台電自有,84.7,20.4,24.074%, 
2026-09-27T10:00:45,2026-09-27T17:50:00,風力,苗栗大鵬,42.0,4.0,9.524%, 
2026-09-27T10:00:45,2026-09-27T17:50:00,風力,鹿威彰濱,55.2,1.4,2.536%, 
2026-09-27T10:00:45,2026-09-27T17:50:00,風力,觀威觀音&桃威新屋,48.3,5.7,11.801%, 
2026-09-27T10:00:45,2026-09-27T17:50:00,風力,中威大安,75.9,4.8,6.324%, 
2026-09-27T10:00:45,2026-09-27T17:50:00,風力,創維風,49.2,2.9,5.894%, 
2026-09-27T10:00:45,2026-09-27T17:50:00,風力,新源崙背,25.2,1.6,6.349%, 
2026-09-27T10:00:45,2026-09-27T17:50:00,風力,彰品風(註10),-,0.0,-, 
2026-09-27T10:00:45,2026-09-27T17:50:00,風力,其它購電風力,178.4,4.4,2.466%, 
2026-09-27T10:00:45,2026-09-27T17:50:00,風力,離岸一期,109.2,3.6,3.333%, 
2026-09-27T10:00:45,2026-09-27T17:50:00,風力,離岸二期(註10),-,0.7,-, 
2026-09-27T10:00:45,2026-09-27T17:50:00,風力,海洋竹南,128.0,24.8,19.375%, 
2026-09-27T10:00:45,2026-09-27T17:50:00,風力,海能風,376.0,72.4,19.255%, 
2026-09-27T10:00:45,2026-09-27T17:50:00,風力,沃一風,605.2,26.9,4.445%, 
2026-09-27T10:00:45,2026-09-27T17:50:00,風力,沃二風,294.8,17.6,5.971%, 
2026-09-27T10:00:45,2026-09-27T17:50:00,風力,沃四風(註10),-,48.3,-, 
2026-09-27T10:00:45,2026-09-27T17:50:00,風力,沃南風,337.1,16.4,4.865%, 
2026-09-27T10:00:45,2026-09-27T17:50:00,風力,芳一風,96.0,3.9,4.083%, 
2026-09-27T10:00:45,2026-09-27T17:50:00,風力,芳二風,499.2,35.6,7.131%, 
2026-09-27T10:00:45,2026-09-27T17:50:00,風力,允湖,320.0,25.5,7.969%, 
2026-09-27T10:00:45,2026-09-27T17:50:00,風力,允西,320.0,31.6,9.875%, 
2026-09-27T10:00:45,2026-09-27T17:50:00,風力,中能風,294.5,30.0,10.187%, 
2026-09-27T10:00:45,2026-09-27T17:50:00,風力,龍A風(註10),-,15.8,-, 
2026-09-27T10:00:45,2026-09-27T17:50:00,風力,龍B風(註10),-,10.7,-, 
2026-09-27T10:00:45,2026-09-27T17:50:00,風力,龍三風(註10),-,0.0,-,通訊異常
2026-09-27T10:00:45,2026-09-27T17:50:00,風力,小計(註5),4187.1(6.852%),417.5(1.328%),,
2026-09-27T10:30:37,2026-09-27T18:20:00,風力,觀園,30.0,1.3,4.333%, 
2026-09-27T10:30:37,2026-09-27T18:20:00,風力,台中港,35.0,0.7,2.057%, 
2026-09-27T10:30:37,2026-09-27T18:20:00,風力,王功,23.0,1.6,6.957%, 
2026-09-27T10:30:37,2026-09-27T18:20:00,風力,彰工,86.2,1.5,1.740%,部分檢修
2026-09-27T10:30:37,2026-09-27T18:20:00,風力,雲麥,46.0,0.7,1.522%, 
2026-09-27T10:30:37,2026-09-27T18:20:00,風力,四湖,28.0,0.7,2.500%, 
2026-09-27T10:30:37,2026-09-27T18:20:00,風力,其它台電自有,84.7,19.0,22.422%, 
2026-09-27T10:30:37,2026-09-27T18:20:00,風力,苗栗大鵬,42.0,4.2,10.000%, 
2026-09-27T10:30:37,2026-09-27T18:20:00,風力,鹿威彰濱,55.2,1.4,2.536%, 
2026-09-27T10:30:37,2026-09-27T18:20:00,風力,觀威觀音&桃威新屋,48.3,3.3,6.832%, 
2026-09-27T10:30:37,2026-09-27T18:20:00,風力,中威大安,75.9,3.6,4.743%, 
2026-09-27T10:30:37,2026-09-27T18:20:00,風力,創維風,49.2,1.0,2.033%, 
2026-09-27T10:30:37,2026-09-27T18:20:00,風力,新源崙背,25.2,1.5,5.952%, 
2026-09-27T10:30:37,2026-09-27T18:20:00,風力,彰品風(註10),-,0.0,-, 
2026-09-27T10:30:37,2026-09-27T18:20:00,風力,其它購電風力,178.4,4.2,2.354%, 
2026-09-27T10:30:37,2026-09-27T18:20:00,風力,離岸一期,109.2,3.6,3.333%, 
2026-09-27T10:30:37,2026-09-27T18:20:00,風力,離岸二期(註10),-,0.7,-, 
2026-09-27T10:30:37,2026-09-27T18:20:00,風力,海洋竹南,128.0,18.9,14.766%, 
2026-09-27T10:30:37,2026-09-27T18:20:00,風力,海能風,376.0,84.8,22.553%, 
2026-09-27T10:30:37,2026-09-27T18:20:00,風力,沃一風,605.2,41.2,6.808%, 
2026-09-27T10:30:37,2026-09-27T18:20:00,風力,沃二風,294.8,27.4,9.295%, 
2026-09-27T10:30:37,2026-09-27T18:20:00,風力,沃四風(註10),-,64.7,-, 
2026-09-27T10:30:37,2026-09-27T18:20:00,風力,沃南風,337.1,24.0,7.120%, 
2026-09-27T10:30:37,2026-09-27T18:20:00,風力,芳一風,96.0,5.3,5.542%, 
2026-09-27T10:30:37,2026-09-27T18:20:00,風力,芳二風,499.2,34.2,6.851%, 
2026-09-27T10:30:37,2026-09-27T18:20:00,風力,允湖,320.0,38.4,12.000%, 
2026-09-27T10:30:37,2026-09-27T18:20:00,風力,允西,320.0,35.0,10.938%, 
2026-09-27T10:30:37,2026-09-27T18:20:00,風力,中能風,294.5,19.0,6.452%, 
2026-09-27T10:30:37,2026-09-27T18:20:00,風力,龍A風(註10),-,15.8,-, 
2026-09-27T10:30:37,2026-09-27T18:20:00,風力,龍B風(註10),-,14.0,-, 
2026-09-27T10:30:37,2026-09-27T18:20:00,風力,龍三風(註10),-,0.0,-,通訊異常
2026-09-27T10:30:37,2026-09-27T18:20:00,風力,小計(註5),4187.1(6.852%),471.8(1.496%),,
2026-09-27T11:00:47,2026-09-27T18:50:00,風力,觀園,30.0,0.9,3.000%, 
2026-09-27T11:00:47,2026-09-27T18:50:00,風力,台中港,35.0,0.7,2.057%, 
2026-09-27T11:00:47,2026-09-27T18:50:00,風力,王功,23.0,1.2,5.217%, 
2026-09-27T11:00:47,2026-09-27T18:50:00,風力,彰工,86.2,1.0,1.160%,部分檢修
2026-09-27T11:00:47,2026-09-27T18:50:00,風力,雲麥,46.0,0.3,0.652%, 
2026-09-27T11:00:47,2026-09-27T18:50:00,風力,四湖,28.0,0.6,2.143%, 
2026-09-27T11:00:47,2026-09-27T18:50:00,風力,其它台電自有,84.7,18.7,22.068%, 
2026-09-27T11:00:47,2026-09-27T18:50:00,風力,苗栗大鵬,42.0,2.8,6.667%, 
2026-09-27T11:00:47,2026-09-27T18:50:00,風力,鹿威彰濱,55.2,0.8,1.449%, 
2026-09-27T11:00:47,2026-09-27T18:50:00,風力,觀威觀音&桃威新屋,48.3,1.5,3.106%, 
2026-09-27T11:00:47,2026-09-27T18:50:00,風力,中威大安,75.9,3.6,4.743%, 
2026-09-27T11:00:47,2026-09-27T18:50:00,風力,創維風,49.2,0.0,0.000%, 
2026-09-27T11:00:47,2026-09-27T18:50:00,風力,新源崙背,25.2,0.6,2.381%, 
2026-09-27T11:00:47,2026-09-27T18:50:00,風力,彰品風(註10),-,0.0,-, 
2026-09-27T11:00:47,2026-09-27T18:50:00,風力,其它購電風力,178.4,3.0,1.682%, 
2026-09-27T11:00:47,2026-09-27T18:50:00,風力,離岸一期,109.2,0.0,0.000%, 
2026-09-27T11:00:47,2026-09-27T18:50:00,風力,離岸二期(註10),-,0.7,-, 
2026-09-27T11:00:47,2026-09-27T18:50:00,風力,海洋竹南,128.0,16.0,12.500%, 
2026-09-27T11:00:47,2026-09-27T18:50:00,風力,海能風,376.0,63.6,16.915%, 
2026-09-27T11:00:47,2026-09-27T18:50:00,風力,沃一風,605.2,66.4,10.972%, 
2026-09-27T11:00:47,2026-09-27T18:50:00,風力,沃二風,294.8,35.6,12.077%, 
2026-09-27T11:00:47,2026-09-27T18:50:00,風力,沃四風(註10),-,80.6,-, 
2026-09-27T11:00:47,2026-09-27T18:50:00,風力,沃南風,337.1,35.2,10.443%, 
2026-09-27T11:00:47,2026-09-27T18:50:00,風力,芳一風,96.0,2.5,2.604%, 
2026-09-27T11:00:47,2026-09-27T18:50:00,風力,芳二風,499.2,27.2,5.449%, 
2026-09-27T11:00:47,2026-09-27T18:50:00,風力,允湖,320.0,31.9,9.969%, 
2026-09-27T11:00:47,2026-09-27T18:50:00,風力,允西,320.0,31.1,9.719%, 
2026-09-27T11:00:47,2026-09-27T18:50:00,風力,中能風,294.5,16.0,5.433%, 
2026-09-27T11:00:47,2026-09-27T18:50:00,風力,龍A風(註10),-,28.0,-, 
2026-09-27T11:00:47,2026-09-27T18:50:00,風力,龍B風(註10),-,19.3,-, 
2026-09-27T11:00:47,2026-09-27T18:50:00,風力,龍三風(註10),-,0.0,-,通訊異常
2026-09-27T11:00:47,2026-09-27T18:50:00,風力,小計(註5),4187.1(6.852%),489.8(1.560%),,
2026-09-27T11:30:39,2026-09-27T19:20:00,風力,觀園,30.0,1.4,4.667%, 
2026-09-27T11:30:39,2026-09-27T19:20:00,風力,台中港,35.0,0.3,0.771%, 
2026-09-27T11:30:39,2026-09-27T19:20:00,風力,王功,23.0,1.4,6.087%, 
2026-09-27T11:30:39,2026-09-27T19:20:00,風力,彰工,86.2,1.7,1.972%,部分檢修
2026-09-27T11:30:39,2026-09-27T19:20:00,風力,雲麥,46.0,0.2,0.435%, 
2026-09-27T11:30:39,2026-09-27T19:20:00,風力,四湖,28.0,0.4,1.429%, 
2026-09-27T11:30:39,2026-09-27T19:20:00,風力,其它台電自有,84.7,18.9,22.304%, 
2026-09-27T11:30:39,2026-09-27T19:20:00,風力,苗栗大鵬,42.0,2.2,5.238%, 
2026-09-27T11:30:39,2026-09-27T19:20:00,風力,鹿威彰濱,55.2,1.4,2.536%, 
2026-09-27T11:30:39,2026-09-27T19:20:00,風力,觀威觀音&桃威新屋,48.3,2.0,4.141%, 
2026-09-27T11:30:39,2026-09-27T19:20:00,風力,中威大安,75.9,1.2,1.581%, 
2026-09-27T11:30:39,2026-09-27T19:20:00,風力,創維風,49.2,0.0,0.000%, 
2026-09-27T11:30:39,2026-09-27T19:20:00,風力,新源崙背,25.2,1.0,3.968%, 
2026-09-27T11:30:39,2026-09-27T19:20:00,風力,彰品風(註10),-,0.0,-, 
2026-09-27T11:30:39,2026-09-27T19:20:00,風力,其它購電風力,178.4,4.0,2.242%, 
2026-09-27T11:30:39,2026-09-27T19:20:00,風力,離岸一期,109.2,4.2,3.846%, 
2026-09-27T11:30:39,2026-09-27T19:20:00,風力,離岸二期(註10),-,1.0,-, 
2026-09-27T11:30:39,2026-09-27T19:20:00,風力,海洋竹南,128.0,12.4,9.687%, 
2026-09-27T11:30:39,2026-09-27T19:20:00,風力,海能風,376.0,61.9,16.463%, 
2026-09-27T11:30:39,2026-09-27T19:20:00,風力,沃一風,605.2,67.8,11.203%, 
2026-09-27T11:30:39,2026-09-27T19:20:00,風力,沃二風,294.8,41.2,13.977%, 
2026-09-27T11:30:39,2026-09-27T19:20:00,風力,沃四風(註10),-,90.0,-, 
2026-09-27T11:30:39,2026-09-27T19:20:00,風力,沃南風,337.1,46.6,13.825%, 
2026-09-27T11:30:39,2026-09-27T19:20:00,風力,芳一風,96.0,6.7,6.979%, 
2026-09-27T11:30:39,2026-09-27T19:20:00,風力,芳二風,499.2,34.2,6.851%, 
2026-09-27T11:30:39,2026-09-27T19:20:00,風力,允湖,320.0,36.4,11.375%, 
2026-09-27T11:30:39,2026-09-27T19:20:00,風力,允西,320.0,31.4,9.812%, 
2026-09-27T11:30:39,2026-09-27T19:20:00,風力,中能風,294.5,20.1,6.825%, 
2026-09-27T11:30:39,2026-09-27T19:20:00,風力,龍A風(註10),-,26.1,-, 
2026-09-27T11:30:39,2026-09-27T19:20:00,風力,龍B風(註10),-,13.5,-, 
2026-09-27T11:30:39,2026-09-27T19:20:00,風力,龍三風(註10),-,0.0,-,通訊異常
2026-09-27T11:30:39,2026-09-27T19:20:00,風力,小計(註5),4187.1(6.852%),529.6(1.686%),,
2026-09-27T12:00:50,2026-09-27T19:50:00,風力,觀園,30.0,2.3,7.667%, 
2026-09-27T12:00:50,2026-09-27T19:50:00,風力,台中港,35.0,0.8,2.314%, 
2026-09-27T12:00:50,2026-09-27T19:50:00,風力,王功,23.0,1.2,5.217%, 
2026-09-27T12:00:50,2026-09-27T19:50:00,風力,彰工,86.2,2.0,2.320%,部分檢修
2026-09-27T12:00:50,2026-09-27T19:50:00,風力,雲麥,46.0,0.5,1.087%, 
2026-09-27T12:00:50,2026-09-27T19:50:00,風力,四湖,28.0,0.4,1.429%, 
2026-09-27T12:00:50,2026-09-27T19:50:00,風力,其它台電自有,84.7,19.1,22.540%, 
2026-09-27T12:00:50,2026-09-27T19:50:00,風力,苗栗大鵬,42.0,1.1,2.619%, 
2026-09-27T12:00:50,2026-09-27T19:50:00,風力,鹿威彰濱,55.2,0.8,1.449%, 
2026-09-27T12:00:50,2026-09-27T19:50:00,風力,觀威觀音&桃威新屋,48.3,4.3,8.903%, 
2026-09-27T12:00:50,2026-09-27T19:50:00,風力,中威大安,75.9,2.1,2.767%, 
2026-09-27T12:00:50,2026-09-27T19:50:00,風力,創維風,49.2,0.0,0.000%, 
2026-09-27T12:00:50,2026-09-27T19:50:00,風力,新源崙背,25.2,1.7,6.746%, 
2026-09-27T12:00:50,2026-09-27T19:50:00,風力,彰品風(註10),-,0.0,-, 
2026-09-27T12:00:50,2026-09-27T19:50:00,風力,其它購電風力,178.4,4.0,2.242%, 
2026-09-27T12:00:50,2026-09-27T19:50:00,風力,離岸一期,109.2,11.2,10.256%, 
2026-09-27T12:00:50,2026-09-27T19:50:00,風力,離岸二期(註10),-,0.7,-, 
2026-09-27T12:00:50,2026-09-27T19:50:00,風力,海洋竹南,128.0,12.6,9.844%, 
2026-09-27T12:00:50,2026-09-27T19:50:00,風力,海能風,376.0,70.8,18.830%, 
2026-09-27T12:00:50,2026-09-27T19:50:00,風力,沃一風,605.2,91.8,15.169%, 
2026-09-27T12:00:50,2026-09-27T19:50:00,風力,沃二風,294.8,52.9,17.946%, 
2026-09-27T12:00:50,2026-09-27T19:50:00,風力,沃四風(註10),-,95.9,-, 
2026-09-27T12:00:50,2026-09-27T19:50:00,風力,沃南風,337.1,52.1,15.456%, 
2026-09-27T12:00:50,2026-09-27T19:50:00,風力,芳一風,96.0,5.3,5.542%, 
2026-09-27T12:00:50,2026-09-27T19:50:00,風力,芳二風,499.2,32.8,6.571%, 
2026-09-27T12:00:50,2026-09-27T19:50:00,風力,允湖,320.0,28.6,8.938%, 
2026-09-27T12:00:50,2026-09-27T19:50:00,風力,允西,320.0,23.5,7.344%, 
2026-09-27T12:00:50,2026-09-27T19:50:00,風力,中能風,294.5,29.5,10.017%, 
2026-09-27T12:00:50,2026-09-27T19:50:00,風力,龍A風(註10),-,41.1,-, 
2026-09-27T12:00:50,2026-09-27T19:50:00,風力,龍B風(註10),-,24.5,-, 
2026-09-27T12:00:50,2026-09-27T19:50:00,風力,龍三風(註10),-,0.0,-,通訊異常
2026-09-27T12:00:50,2026-09-27T19:50:00,風力,小計(註5),4187.1(6.852%),613.6(1.965%),,
2026-09-27T12:30:40,2026-09-27T20:20:00,風力,觀園,30.0,1.5,5.000%, 
2026-09-27T12:30:40,2026-09-27T20:20:00,風力,台中港,35.0,1.4,4.000%, 
2026-09-27T12:30:40,2026-09-27T20:20:00,風力,王功,23.0,0.6,2.609%, 
2026-09-27T12:30:40,2026-09-27T20:20:00,風力,彰工,86.2,2.7,3.132%,部分檢修
2026-09-27T12:30:40,2026-09-27T20:20:00,風力,雲麥,46.0,1.5,3.261%, 
2026-09-27T12:30:40,2026-09-27T20:20:00,風力,四湖,28.0,0.8,2.857%, 
2026-09-27T12:30:40,2026-09-27T20:20:00,風力,其它台電自有,84.7,19.5,23.012%, 
2026-09-27T12:30:40,2026-09-27T20:20:00,風力,苗栗大鵬,42.0,1.5,3.571%, 
2026-09-27T12:30:40,2026-09-27T20:20:00,風力,鹿威彰濱,55.2,2.8,5.072%, 
2026-09-27T12:30:40,2026-09-27T20:20:00,風力,觀威觀音&桃威新屋,48.3,3.4,7.039%, 
2026-09-27T12:30:40,2026-09-27T20:20:00,風力,中威大安,75.9,3.7,4.875%, 
2026-09-27T12:30:40,2026-09-27T20:20:00,風力,創維風,49.2,1.6,3.252%, 
2026-09-27T12:30:40,2026-09-27T20:20:00,風力,新源崙背,25.2,3.0,11.905%, 
2026-09-27T12:30:40,2026-09-27T20:20:00,風力,彰品風(註10),-,0.0,-, 
2026-09-27T12:30:40,2026-09-27T20:20:00,風力,其它購電風力,178.4,2.7,1.513%, 
2026-09-27T12:30:40,2026-09-27T20:20:00,風力,離岸一期,109.2,14.0,12.821%, 
2026-09-27T12:30:40,2026-09-27T20:20:00,風力,離岸二期(註10),-,0.9,-, 
2026-09-27T12:30:40,2026-09-27T20:20:00,風力,海洋竹南,128.0,17.6,13.750%, 
2026-09-27T12:30:40,2026-09-27T20:20:00,風力,海能風,376.0,82.1,21.835%, 
2026-09-27T12:30:40,2026-09-27T20:20:00,風力,沃一風,605.2,100.8,16.656%, 
2026-09-27T12:30:40,2026-09-27T20:20:00,風力,沃二風,294.8,55.4,18.794%, 
2026-09-27T12:30:40,2026-09-27T20:20:00,風力,沃四風(註10),-,101.2,-, 
2026-09-27T12:30:40,2026-09-27T20:20:00,風力,沃南風,337.1,50.2,14.893%, 
2026-09-27T12:30:40,2026-09-27T20:20:00,風力,芳一風,96.0,15.1,15.729%, 
2026-09-27T12:30:40,2026-09-27T20:20:00,風力,芳二風,499.2,68.9,13.802%, 
2026-09-27T12:30:40,2026-09-27T20:20:00,風力,允湖,320.0,23.8,7.437%, 
2026-09-27T12:30:40,2026-09-27T20:20:00,風力,允西,320.0,18.2,5.688%, 
2026-09-27T12:30:40,2026-09-27T20:20:00,風力,中能風,294.5,43.1,14.635%, 
2026-09-27T12:30:40,2026-09-27T20:20:00,風力,龍A風(註10),-,53.0,-, 
2026-09-27T12:30:40,2026-09-27T20:20:00,風力,龍B風(註10),-,35.9,-, 
2026-09-27T12:30:40,2026-09-27T20:20:00,風力,龍三風(註10),-,0.0,-,通訊異常
2026-09-27T12:30:40,2026-09-27T20:20:00,風力,小計(註5),4187.1(6.852%),726.9(2.331%),,
2026-09-27T13:00:49,2026-09-27T20:50:00,風力,觀園,30.0,1.2,4.000%, 
2026-09-27T13:00:49,2026-09-27T20:50:00,風力,台中港,35.0,0.4,1.157%, 
2026-09-27T13:00:49,2026-09-27T20:50:00,風力,王功,23.0,1.2,5.217%, 
2026-09-27T13:00:49,2026-09-27T20:50:00,風力,彰工,86.2,2.0,2.320%,部分檢修
2026-09-27T13:00:49,2026-09-27T20:50:00,風力,雲麥,46.0,2.0,4.348%, 
2026-09-27T13:00:49,2026-09-27T20:50:00,風力,四湖,28.0,0.8,2.857%, 
2026-09-27T13:00:49,2026-09-27T20:50:00,風力,其它台電自有,84.7,19.3,22.776%, 
2026-09-27T13:00:49,2026-09-27T20:50:00,風力,苗栗大鵬,42.0,1.4,3.333%, 
2026-09-27T13:00:49,2026-09-27T20:50:00,風力,鹿威彰濱,55.2,2.2,3.986%, 
2026-09-27T13:00:49,2026-09-27T20:50:00,風力,觀威觀音&桃威新屋,48.3,2.6,5.383%, 
2026-09-27T13:00:49,2026-09-27T20:50:00,風力,中威大安,75.9,3.8,5.007%, 
2026-09-27T13:00:49,2026-09-27T20:50:00,風力,創維風,49.2,4.7,9.553%, 
2026-09-27T13:00:49,2026-09-27T20:50:00,風力,新源崙背,25.2,4.7,18.651%, 
2026-09-27T13:00:49,2026-09-27T20:50:00,風力,彰品風(註10),-,0.0,-, 
2026-09-27T13:00:49,2026-09-27T20:50:00,風力,其它購電風力,178.4,5.3,2.971%, 
2026-09-27T13:00:49,2026-09-27T20:50:00,風力,離岸一期,109.2,9.8,8.974%, 
2026-09-27T13:00:49,2026-09-27T20:50:00,風力,離岸二期(註10),-,0.9,-, 
2026-09-27T13:00:49,2026-09-27T20:50:00,風力,海洋竹南,128.0,23.5,18.359%, 
2026-09-27T13:00:49,2026-09-27T20:50:00,風力,海能風,376.0,90.1,23.963%, 
2026-09-27T13:00:49,2026-09-27T20:50:00,風力,沃一風,605.2,93.8,15.500%, 
2026-09-27T13:00:49,2026-09-27T20:50:00,風力,沃二風,294.8,53.5,18.150%, 
2026-09-27T13:00:49,2026-09-27T20:50:00,風力,沃四風(註10),-,89.9,-, 
2026-09-27T13:00:49,2026-09-27T20:50:00,風力,沃南風,337.1,57.1,16.940%, 
2026-09-27T13:00:49,2026-09-27T20:50:00,風力,芳一風,96.0,15.1,15.729%, 
2026-09-27T13:00:49,2026-09-27T20:50:00,風力,芳二風,499.2,64.7,12.961%, 
2026-09-27T13:00:49,2026-09-27T20:50:00,風力,允湖,320.0,22.1,6.906%, 
2026-09-27T13:00:49,2026-09-27T20:50:00,風力,允西,320.0,23.2,7.250%, 
2026-09-27T13:00:49,2026-09-27T20:50:00,風力,中能風,294.5,45.5,15.450%, 
2026-09-27T13:00:49,2026-09-27T20:50:00,風力,龍A風(註10),-,53.5,-, 
2026-09-27T13:00:49,2026-09-27T20:50:00,風力,龍B風(註10),-,35.7,-, 
2026-09-27T13:00:49,2026-09-27T20:50:00,風力,龍三風(註10),-,0.0,-,通訊異常
2026-09-27T13:00:49,2026-09-27T20:50:00,風力,小計(註5),4187.1(6.852%),730.0(2.321%),,
2026-09-27T13:30:39,2026-09-27T21:20:00,風力,觀園,30.0,2.3,7.667%, 
2026-09-27T13:30:39,2026-09-27T21:20:00,風力,台中港,35.0,0.9,2.571%, 
2026-09-27T13:30:39,2026-09-27T21:20:00,風力,王功,23.0,1.1,4.783%, 
2026-09-27T13:30:39,2026-09-27T21:20:00,風力,彰工,86.2,1.7,1.972%,部分檢修
2026-09-27T13:30:39,2026-09-27T21:20:00,風力,雲麥,46.0,1.6,3.478%, 
2026-09-27T13:30:39,2026-09-27T21:20:00,風力,四湖,28.0,1.0,3.571%, 
2026-09-27T13:30:39,2026-09-27T21:20:00,風力,其它台電自有,84.7,18.1,21.359%, 
2026-09-27T13:30:39,2026-09-27T21:20:00,風力,苗栗大鵬,42.0,2.1,5.000%, 
2026-09-27T13:30:39,2026-09-27T21:20:00,風力,鹿威彰濱,55.2,2.5,4.529%, 
2026-09-27T13:30:39,2026-09-27T21:20:00,風力,觀威觀音&桃威新屋,48.3,3.7,7.660%, 
2026-09-27T13:30:39,2026-09-27T21:20:00,風力,中威大安,75.9,5.0,6.588%, 
2026-09-27T13:30:39,2026-09-27T21:20:00,風力,創維風,49.2,4.0,8.130%, 
2026-09-27T13:30:39,2026-09-27T21:20:00,風力,新源崙背,25.2,5.0,19.841%, 
2026-09-27T13:30:39,2026-09-27T21:20:00,風力,彰品風(註10),-,0.0,-, 
2026-09-27T13:30:39,2026-09-27T21:20:00,風力,其它購電風力,178.4,5.0,2.803%, 
2026-09-27T13:30:39,2026-09-27T21:20:00,風力,離岸一期,109.2,8.4,7.692%, 
2026-09-27T13:30:39,2026-09-27T21:20:00,風力,離岸二期(註10),-,0.5,-, 
2026-09-27T13:30:39,2026-09-27T21:20:00,風力,海洋竹南,128.0,34.0,26.562%, 
2026-09-27T13:30:39,2026-09-27T21:20:00,風力,海能風,376.0,100.2,26.649%, 
2026-09-27T13:30:39,2026-09-27T21:20:00,風力,沃一風,605.2,71.4,11.798%, 
2026-09-27T13:30:39,2026-09-27T21:20:00,風力,沃二風,294.8,57.7,19.575%, 
2026-09-27T13:30:39,2026-09-27T21:20:00,風力,沃四風(註10),-,98.1,-, 
2026-09-27T13:30:39,2026-09-27T21:20:00,風力,沃南風,337.1,60.5,17.948%, 
2026-09-27T13:30:39,2026-09-27T21:20:00,風力,芳一風,96.0,10.9,11.354%, 
2026-09-27T13:30:39,2026-09-27T21:20:00,風力,芳二風,499.2,56.6,11.338%, 
2026-09-27T13:30:39,2026-09-27T21:20:00,風力,允湖,320.0,26.3,8.219%, 
2026-09-27T13:30:39,2026-09-27T21:20:00,風力,允西,320.0,28.3,8.844%, 
2026-09-27T13:30:39,2026-09-27T21:20:00,風力,中能風,294.5,42.8,14.533%, 
2026-09-27T13:30:39,2026-09-27T21:20:00,風力,龍A風(註10),-,31.1,-, 
2026-09-27T13:30:39,2026-09-27T21:20:00,風力,龍B風(註10),-,23.3,-, 
2026-09-27T13:30:39,2026-09-27T21:20:00,風力,龍三風(註10),-,0.0,-,通訊異常
2026-09-27T13:30:39,2026-09-27T21:20:00,風力,小計(註5),4187.1(6.852%),704.1(2.278%),,
2026-09-27T14:00:47,2026-09-27T21:50:00,風力,觀園,30.0,1.7,5.667%, 
2026-09-27T14:00:47,2026-09-27T21:50:00,風力,台中港,35.0,0.8,2.314%, 
2026-09-27T14:00:47,2026-09-27T21:50:00,風力,王功,23.0,1.3,5.652%, 
2026-09-27T14:00:47,2026-09-27T21:50:00,風力,彰工,86.2,1.4,1.624%,部分檢修
2026-09-27T14:00:47,2026-09-27T21:50:00,風力,雲麥,46.0,1.8,3.913%, 
2026-09-27T14:00:47,2026-09-27T21:50:00,風力,四湖,28.0,1.1,3.929%, 
2026-09-27T14:00:47,2026-09-27T21:50:00,風力,其它台電自有,84.7,17.7,20.887%, 
2026-09-27T14:00:47,2026-09-27T21:50:00,風力,苗栗大鵬,42.0,4.1,9.762%, 
2026-09-27T14:00:47,2026-09-27T21:50:00,風力,鹿威彰濱,55.2,1.4,2.536%, 
2026-09-27T14:00:47,2026-09-27T21:50:00,風力,觀威觀音&桃威新屋,48.3,2.7,5.590%, 
2026-09-27T14:00:47,2026-09-27T21:50:00,風力,中威大安,75.9,5.9,7.773%, 
2026-09-27T14:00:47,2026-09-27T21:50:00,風力,創維風,49.2,4.4,8.943%, 
2026-09-27T14:00:47,2026-09-27T21:50:00,風力,新源崙背,25.2,8.1,32.143%, 
2026-09-27T14:00:47,2026-09-27T21:50:00,風力,彰品風(註10),-,0.0,-, 
2026-09-27T14:00:47,2026-09-27T21:50:00,風力,其它購電風力,178.4,4.3,2.410%, 
2026-09-27T14:00:47,2026-09-27T21:50:00,風力,離岸一期,109.2,11.8,10.806%, 
2026-09-27T14:00:47,2026-09-27T21:50:00,風力,離岸二期(註10),-,0.9,-, 
2026-09-27T14:00:47,2026-09-27T21:50:00,風力,海洋竹南,128.0,12.4,9.687%, 
2026-09-27T14:00:47,2026-09-27T21:50:00,風力,海能風,376.0,92.6,24.628%, 
2026-09-27T14:00:47,2026-09-27T21:50:00,風力,沃一風,605.2,47.3,7.816%, 
2026-09-27T14:00:47,2026-09-27T21:50:00,風力,沃二風,294.8,44.2,14.995%, 
2026-09-27T14:00:47,2026-09-27T21:50:00,風力,沃四風(註10),-,76.8,-, 
2026-09-27T14:00:47,2026-09-27T21:50:00,風力,沃南風,337.1,59.3,17.592%, 
2026-09-27T14:00:47,2026-09-27T21:50:00,風力,芳一風,96.0,8.1,8.438%, 
2026-09-27T14:00:47,2026-09-27T21:50:00,風力,芳二風,499.2,47.9,9.595%, 
2026-09-27T14:00:47,2026-09-27T21:50:00,風力,允湖,320.0,20.2,6.313%, 
2026-09-27T14:00:47,2026-09-27T21:50:00,風力,允西,320.0,24.4,7.625%, 
2026-09-27T14:00:47,2026-09-27T21:50:00,風力,中能風,294.5,40.8,13.854%, 
2026-09-27T14:00:47,2026-09-27T21:50:00,風力,龍A風(註10),-,33.3,-, 
2026-09-27T14:00:47,2026-09-27T21:50:00,風力,龍B風(註10),-,19.6,-, 
2026-09-27T14:00:47,2026-09-27T21:50:00,風力,龍三風(註10),-,0.0,-,通訊異常
2026-09-27T14:00:47,2026-09-27T21:50:00,風力,小計(註5),4187.1(6.852%),596.3(1.914%),,
2026-09-27T14:30:38,2026-09-27T22:20:00,風力,觀園,30.0,0.5,1.667%, 
2026-09-27T14:30:38,2026-09-27T22:20:00,風力,台中港,35.0,2.8,8.000%, 
2026-09-27T14:30:38,2026-09-27T22:20:00,風力,王功,23.0,0.7,3.043%, 
2026-09-27T14:30:38,2026-09-27T22:20:00,風力,彰工,86.2,1.6,1.856%,部分檢修
2026-09-27T14:30:38,2026-09-27T22:20:00,風力,雲麥,46.0,1.5,3.261%, 
2026-09-27T14:30:38,2026-09-27T22:20:00,風力,四湖,28.0,1.0,3.571%, 
2026-09-27T14:30:38,2026-09-27T22:20:00,風力,其它台電自有,84.7,17.1,20.179%, 
2026-09-27T14:30:38,2026-09-27T22:20:00,風力,苗栗大鵬,42.0,1.8,4.286%, 
2026-09-27T14:30:38,2026-09-27T22:20:00,風力,鹿威彰濱,55.2,1.7,3.080%, 
2026-09-27T14:30:38,2026-09-27T22:20:00,風力,觀威觀音&桃威新屋,48.3,2.5,5.176%, 
2026-09-27T14:30:38,2026-09-27T22:20:00,風力,中威大安,75.9,9.9,13.043%, 
2026-09-27T14:30:38,2026-09-27T22:20:00,風力,創維風,49.2,4.8,9.756%, 
2026-09-27T14:30:38,2026-09-27T22:20:00,風力,新源崙背,25.2,6.7,26.587%, 
2026-09-27T14:30:38,2026-09-27T22:20:00,風力,彰品風(註10),-,0.0,-, 
2026-09-27T14:30:38,2026-09-27T22:20:00,風力,其它購電風力,178.4,4.3,2.410%, 
2026-09-27T14:30:38,2026-09-27T22:20:00,風力,離岸一期,109.2,10.1,9.249%, 
2026-09-27T14:30:38,2026-09-27T22:20:00,風力,離岸二期(註10),-,0.7,-, 
2026-09-27T14:30:38,2026-09-27T22:20:00,風力,海洋竹南,128.0,12.0,9.375%, 
2026-09-27T14:30:38,2026-09-27T22:20:00,風力,海能風,376.0,96.8,25.745%, 
2026-09-27T14:30:38,2026-09-27T22:20:00,風力,沃一風,605.2,39.5,6.527%, 
2026-09-27T14:30:38,2026-09-27T22:20:00,風力,沃二風,294.8,35.0,11.874%, 
2026-09-27T14:30:38,2026-09-27T22:20:00,風力,沃四風(註10),-,73.7,-, 
2026-09-27T14:30:38,2026-09-27T22:20:00,風力,沃南風,337.1,41.3,12.252%, 
2026-09-27T14:30:38,2026-09-27T22:20:00,風力,芳一風,96.0,6.7,6.979%, 
2026-09-27T14:30:38,2026-09-27T22:20:00,風力,芳二風,499.2,43.7,8.754%, 
2026-09-27T14:30:38,2026-09-27T22:20:00,風力,允湖,320.0,20.7,6.469%, 
2026-09-27T14:30:38,2026-09-27T22:20:00,風力,允西,320.0,24.1,7.531%, 
2026-09-27T14:30:38,2026-09-27T22:20:00,風力,中能風,294.5,44.2,15.008%, 
2026-09-27T14:30:38,2026-09-27T22:20:00,風力,龍A風(註10),-,19.6,-, 
2026-09-27T14:30:38,2026-09-27T22:20:00,風力,龍B風(註10),-,11.7,-, 
2026-09-27T14:30:38,2026-09-27T22:20:00,風力,龍三風(註10),-,0.0,-,通訊異常
2026-09-27T14:30:38,2026-09-27T22:20:00,風力,小計(註5),4187.1(6.852%),536.7(1.760%),,
2026-09-27T15:00:50,2026-09-27T22:50:00,風力,觀園,30.0,1.4,4.667%, 
2026-09-27T15:00:50,2026-09-27T22:50:00,風力,台中港,35.0,2.0,5.714%, 
2026-09-27T15:00:50,2026-09-27T22:50:00,風力,王功,23.0,1.1,4.783%, 
2026-09-27T15:00:50,2026-09-27T22:50:00,風力,彰工,86.2,2.9,3.364%,部分檢修
2026-09-27T15:00:50,2026-09-27T22:50:00,風力,雲麥,46.0,1.4,3.043%, 
2026-09-27T15:00:50,2026-09-27T22:50:00,風力,四湖,28.0,1.0,3.571%, 
2026-09-27T15:00:50,2026-09-27T22:50:00,風力,其它台電自有,84.7,17.3,20.415%, 
2026-09-27T15:00:50,2026-09-27T22:50:00,風力,苗栗大鵬,42.0,3.7,8.810%, 
2026-09-27T15:00:50,2026-09-27T22:50:00,風力,鹿威彰濱,55.2,2.8,5.072%, 
2026-09-27T15:00:50,2026-09-27T22:50:00,風力,觀威觀音&桃威新屋,48.3,2.8,5.797%, 
2026-09-27T15:00:50,2026-09-27T22:50:00,風力,中威大安,75.9,9.0,11.858%, 
2026-09-27T15:00:50,2026-09-27T22:50:00,風力,創維風,49.2,4.3,8.740%, 
2026-09-27T15:00:50,2026-09-27T22:50:00,風力,新源崙背,25.2,5.6,22.222%, 
2026-09-27T15:00:50,2026-09-27T22:50:00,風力,彰品風(註10),-,0.0,-, 
2026-09-27T15:00:50,2026-09-27T22:50:00,風力,其它購電風力,178.4,8.2,4.596%, 
2026-09-27T15:00:50,2026-09-27T22:50:00,風力,離岸一期,109.2,8.7,7.967%, 
2026-09-27T15:00:50,2026-09-27T22:50:00,風力,離岸二期(註10),-,0.9,-, 
2026-09-27T15:00:50,2026-09-27T22:50:00,風力,海洋竹南,128.0,31.7,24.766%, 
2026-09-27T15:00:50,2026-09-27T22:50:00,風力,海能風,376.0,136.3,36.250%, 
2026-09-27T15:00:50,2026-09-27T22:50:00,風力,沃一風,605.2,33.3,5.503%, 
2026-09-27T15:00:50,2026-09-27T22:50:00,風力,沃二風,294.8,30.2,10.245%, 
2026-09-27T15:00:50,2026-09-27T22:50:00,風力,沃四風(註10),-,78.0,-, 
2026-09-27T15:00:50,2026-09-27T22:50:00,風力,沃南風,337.1,37.1,11.006%, 
2026-09-27T15:00:50,2026-09-27T22:50:00,風力,芳一風,96.0,13.7,14.271%, 
2026-09-27T15:00:50,2026-09-27T22:50:00,風力,芳二風,499.2,52.4,10.497%, 
2026-09-27T15:00:50,2026-09-27T22:50:00,風力,允湖,320.0,30.8,9.625%, 
2026-09-27T15:00:50,2026-09-27T22:50:00,風力,允西,320.0,23.8,7.437%, 
2026-09-27T15:00:50,2026-09-27T22:50:00,風力,中能風,294.5,31.5,10.696%, 
2026-09-27T15:00:50,2026-09-27T22:50:00,風力,龍A風(註10),-,19.8,-, 
2026-09-27T15:00:50,2026-09-27T22:50:00,風力,龍B風(註10),-,11.7,-, 
2026-09-27T15:00:50,2026-09-27T22:50:00,風力,龍三風(註10),-,0.0,-,通訊異常
2026-09-27T15:00:50,2026-09-27T22:50:00,風力,小計(註5),4187.1(6.852%),603.4(1.996%),,
2026-09-27T15:30:39,2026-09-27T23:20:00,風力,觀園,30.0,1.2,4.000%, 
2026-09-27T15:30:39,2026-09-27T23:20:00,風力,台中港,35.0,1.3,3.714%, 
2026-09-27T15:30:39,2026-09-27T23:20:00,風力,王功,23.0,1.4,6.087%, 
2026-09-27T15:30:39,2026-09-27T23:20:00,風力,彰工,86.2,2.5,2.900%,部分檢修
2026-09-27T15:30:39,2026-09-27T23:20:00,風力,雲麥,46.0,1.4,3.043%, 
2026-09-27T15:30:39,2026-09-27T23:20:00,風力,四湖,28.0,1.1,3.929%, 
2026-09-27T15:30:39,2026-09-27T23:20:00,風力,其它台電自有,84.7,19.8,23.366%, 
2026-09-27T15:30:39,2026-09-27T23:20:00,風力,苗栗大鵬,42.0,5.4,12.857%, 
2026-09-27T15:30:39,2026-09-27T23:20:00,風力,鹿威彰濱,55.2,1.4,2.536%, 
2026-09-27T15:30:39,2026-09-27T23:20:00,風力,觀威觀音&桃威新屋,48.3,2.2,4.555%, 
2026-09-27T15:30:39,2026-09-27T23:20:00,風力,中威大安,75.9,6.4,8.432%, 
2026-09-27T15:30:39,2026-09-27T23:20:00,風力,創維風,49.2,2.0,4.065%, 
2026-09-27T15:30:39,2026-09-27T23:20:00,風力,新源崙背,25.2,4.0,15.873%, 
2026-09-27T15:30:39,2026-09-27T23:20:00,風力,彰品風(註10),-,0.0,-, 
2026-09-27T15:30:39,2026-09-27T23:20:00,風力,其它購電風力,178.4,11.1,6.222%, 
2026-09-27T15:30:39,2026-09-27T23:20:00,風力,離岸一期,109.2,10.9,9.982%, 
2026-09-27T15:30:39,2026-09-27T23:20:00,風力,離岸二期(註10),-,0.7,-, 
2026-09-27T15:30:39,2026-09-27T23:20:00,風力,海洋竹南,128.0,39.5,30.859%, 
2026-09-27T15:30:39,2026-09-27T23:20:00,風力,海能風,376.0,155.2,41.277%, 
2026-09-27T15:30:39,2026-09-27T23:20:00,風力,沃一風,605.2,53.5,8.840%, 
2026-09-27T15:30:39,2026-09-27T23:20:00,風力,沃二風,294.8,37.5,12.722%, 
2026-09-27T15:30:39,2026-09-27T23:20:00,風力,沃四風(註10),-,71.2,-, 
2026-09-27T15:30:39,2026-09-27T23:20:00,風力,沃南風,337.1,43.8,12.994%, 
2026-09-27T15:30:39,2026-09-27T23:20:00,風力,芳一風,96.0,8.1,8.438%, 
2026-09-27T15:30:39,2026-09-27T23:20:00,風力,芳二風,499.2,48.4,9.696%, 
2026-09-27T15:30:39,2026-09-27T23:20:00,風力,允湖,320.0,27.4,8.562%, 
2026-09-27T15:30:39,2026-09-27T23:20:00,風力,允西,320.0,31.9,9.969%, 
2026-09-27T15:30:39,2026-09-27T23:20:00,風力,中能風,294.5,41.0,13.922%, 
2026-09-27T15:30:39,2026-09-27T23:20:00,風力,龍A風(註10),-,19.9,-, 
2026-09-27T15:30:39,2026-09-27T23:20:00,風力,龍B風(註10),-,14.7,-, 
2026-09-27T15:30:39,2026-09-27T23:20:00,風力,龍三風(註10),-,0.0,-,通訊異常
2026-09-27T15:30:39,2026-09-27T23:20:00,風力,小計(註5),4187.1(6.852%),664.9(2.257%),,
